checkIn(時刻),checkIn,hours,一致,既存料金,既存プラン,新料金(最安),新プラン
00:00,0,0.5,○,6000,"ショート",6000,"ショート"
00:00,0,1,○,6000,"ショート",6000,"ショート"
00:00,0,1.5,○,6000,"ショート",6000,"ショート"
00:00,0,2,○,7400,"ショート + 延長1本",7400,"ショート + 延長1本"
00:00,0,2.5,○,8800,"深夜休憩",8800,"ショート + 延長2本"
00:00,0,3,○,8800,"深夜休憩",8800,"深夜休憩"
00:00,0,3.5,×,13800,"宿泊2部(平日)",11600,"ショート + 延長4本"
00:00,0,4,×,13800,"宿泊2部(平日)",13000,"ショート + 延長5本"
00:00,0,4.5,○,13800,"宿泊2部(平日)",13800,"宿泊1部"
00:00,0,5,○,13800,"宿泊2部(平日)",13800,"宿泊1部"
00:00,0,5.5,○,13800,"宿泊2部(平日)",13800,"宿泊1部"
00:00,0,6,○,13800,"宿泊2部(平日)",13800,"宿泊1部"
00:00,0,6.5,○,13800,"宿泊2部(平日)",13800,"宿泊1部"
00:00,0,7,○,13800,"宿泊2部(平日)",13800,"宿泊1部"
00:00,0,7.5,○,13800,"宿泊2部(平日)",13800,"宿泊1部"
00:00,0,8,○,13800,"宿泊2部(平日)",13800,"宿泊1部"
00:00,0,8.5,○,13800,"宿泊2部(平日)",13800,"宿泊1部"
00:00,0,9,○,13800,"宿泊2部(平日)",13800,"宿泊1部"
00:00,0,9.5,○,13800,"宿泊2部(平日)",13800,"宿泊1部"
00:00,0,10,○,13800,"宿泊2部(平日)",13800,"宿泊1部"
00:00,0,10.5,○,13800,"宿泊2部(平日)",13800,"宿泊1部"
00:00,0,11,○,13800,"宿泊2部(平日)",13800,"宿泊1部"
00:00,0,11.5,○,13800,"宿泊2部(平日)",13800,"宿泊1部"
00:00,0,12,○,13800,"宿泊2部(平日)",13800,"宿泊1部"
00:00,0,12.5,○,13800,"宿泊2部(平日)",13800,"宿泊2部"
00:00,0,13,○,13800,"宿泊2部(平日)",13800,"宿泊2部"
00:00,0,13.5,○,13800,"宿泊2部(平日)",13800,"宿泊2部"
00:00,0,14,○,13800,"宿泊2部(平日)",13800,"宿泊2部"
00:00,0,14.5,○,15200,"宿泊2部(平日) + 延長1本",15200,"宿泊2部 + 延長1本"
00:00,0,15,○,16600,"宿泊2部(平日) + 延長2本",16600,"宿泊2部 + 延長2本"
00:00,0,15.5,○,18000,"宿泊2部(平日) + 延長3本",18000,"宿泊2部 + 延長3本"
00:00,0,16,○,19400,"宿泊2部(平日) + 延長4本",19400,"宿泊2部 + 延長4本"
00:00,0,16.5,○,20800,"宿泊2部(平日) + 延長5本",20800,"宿泊2部 + 延長5本"
00:00,0,17,○,21600,"宿泊2部(平日) + 休憩(サービスタイム3部)",21600,"宿泊1部 + 休憩(M時間)"
00:00,0,17.5,○,21600,"宿泊2部(平日) + 休憩(サービスタイム3部)",21600,"宿泊1部 + 休憩(サービスタイム1部)"
00:00,0,18,○,21600,"宿泊2部(平日) + 休憩(サービスタイム3部)",21600,"宿泊1部 + 休憩(サービスタイム1部)"
00:00,0,18.5,○,21600,"宿泊2部(平日) + 休憩(サービスタイム3部)",21600,"宿泊1部 + 休憩(サービスタイム2部)"
00:00,0,19,○,21600,"宿泊2部(平日) + 休憩(サービスタイム3部)",21600,"宿泊1部 + 休憩(サービスタイム2部)"
00:00,0,19.5,○,21600,"宿泊2部(平日) + 休憩(サービスタイム3部)",21600,"宿泊1部 + 休憩(サービスタイム2部)"
00:00,0,20,○,21600,"宿泊2部(平日) + 休憩(サービスタイム3部)",21600,"宿泊1部 + 休憩(サービスタイム2部)"
00:00,0,20.5,○,21600,"宿泊2部(平日) + 休憩(サービスタイム3部)",21600,"宿泊2部 + 休憩(サービスタイム3部)"
00:00,0,21,○,21600,"宿泊2部(平日) + 休憩(サービスタイム3部)",21600,"宿泊2部 + 休憩(サービスタイム3部)"
00:00,0,21.5,○,21600,"宿泊2部(平日) + 休憩(サービスタイム3部)",21600,"宿泊2部 + 休憩(サービスタイム3部)"
00:00,0,22,○,21600,"宿泊2部(平日) + 休憩(サービスタイム3部)",21600,"宿泊2部 + 休憩(サービスタイム3部)"
00:00,0,22.5,○,21600,"宿泊2部(平日) + 休憩(サービスタイム3部)",21600,"宿泊2部 + 休憩(サービスタイム3部)"
00:00,0,23,○,21600,"宿泊2部(平日) + 休憩(サービスタイム3部)",21600,"宿泊2部 + 休憩(サービスタイム3部)"
00:00,0,23.5,○,23000,"宿泊2部(平日) + 休憩(サービスタイム3部) + 延長1本",23000,"宿泊2部 + 休憩(サービスタイム3部) + 延長1本"
00:00,0,24,×,-25400,"宿泊2部(平日) + 延長-28本",24400,"宿泊2部 + 休憩(サービスタイム3部) + 延長2本"
00:30,0.5,0.5,○,6000,"ショート",6000,"ショート"
00:30,0.5,1,○,6000,"ショート",6000,"ショート"
00:30,0.5,1.5,○,6000,"ショート",6000,"ショート"
00:30,0.5,2,×,8800,"深夜休憩",7400,"ショート + 延長1本"
00:30,0.5,2.5,○,8800,"深夜休憩",8800,"ショート + 延長2本"
00:30,0.5,3,○,8800,"深夜休憩",8800,"深夜休憩"
00:30,0.5,3.5,×,13800,"宿泊2部(平日)",11600,"ショート + 延長4本"
00:30,0.5,4,×,13800,"宿泊2部(平日)",13000,"ショート + 延長5本"
00:30,0.5,4.5,○,13800,"宿泊2部(平日)",13800,"宿泊1部"
00:30,0.5,5,○,13800,"宿泊2部(平日)",13800,"宿泊1部"
00:30,0.5,5.5,○,13800,"宿泊2部(平日)",13800,"宿泊1部"
00:30,0.5,6,○,13800,"宿泊2部(平日)",13800,"宿泊1部"
00:30,0.5,6.5,○,13800,"宿泊2部(平日)",13800,"宿泊1部"
00:30,0.5,7,○,13800,"宿泊2部(平日)",13800,"宿泊1部"
00:30,0.5,7.5,○,13800,"宿泊2部(平日)",13800,"宿泊1部"
00:30,0.5,8,○,13800,"宿泊2部(平日)",13800,"宿泊1部"
00:30,0.5,8.5,○,13800,"宿泊2部(平日)",13800,"宿泊1部"
00:30,0.5,9,○,13800,"宿泊2部(平日)",13800,"宿泊1部"
00:30,0.5,9.5,○,13800,"宿泊2部(平日)",13800,"宿泊1部"
00:30,0.5,10,○,13800,"宿泊2部(平日)",13800,"宿泊1部"
00:30,0.5,10.5,○,13800,"宿泊2部(平日)",13800,"宿泊1部"
00:30,0.5,11,○,13800,"宿泊2部(平日)",13800,"宿泊1部"
00:30,0.5,11.5,○,13800,"宿泊2部(平日)",13800,"宿泊1部"
00:30,0.5,12,○,13800,"宿泊2部(平日)",13800,"宿泊2部"
00:30,0.5,12.5,○,13800,"宿泊2部(平日)",13800,"宿泊2部"
00:30,0.5,13,○,13800,"宿泊2部(平日)",13800,"宿泊2部"
00:30,0.5,13.5,○,13800,"宿泊2部(平日)",13800,"宿泊2部"
00:30,0.5,14,○,15200,"宿泊2部(平日) + 延長1本",15200,"宿泊2部 + 延長1本"
00:30,0.5,14.5,○,16600,"宿泊2部(平日) + 延長2本",16600,"宿泊2部 + 延長2本"
00:30,0.5,15,○,18000,"宿泊2部(平日) + 延長3本",18000,"宿泊2部 + 延長3本"
00:30,0.5,15.5,○,19400,"宿泊2部(平日) + 延長4本",19400,"宿泊2部 + 延長4本"
00:30,0.5,16,○,20800,"宿泊2部(平日) + 延長5本",20800,"宿泊2部 + 延長5本"
00:30,0.5,16.5,○,21600,"宿泊2部(平日) + 休憩(サービスタイム3部)",21600,"宿泊1部 + 休憩(M時間)"
00:30,0.5,17,○,21600,"宿泊2部(平日) + 休憩(サービスタイム3部)",21600,"宿泊1部 + 休憩(サービスタイム1部)"
00:30,0.5,17.5,○,21600,"宿泊2部(平日) + 休憩(サービスタイム3部)",21600,"宿泊1部 + 休憩(サービスタイム1部)"
00:30,0.5,18,○,21600,"宿泊2部(平日) + 休憩(サービスタイム3部)",21600,"宿泊1部 + 休憩(サービスタイム2部)"
00:30,0.5,18.5,○,21600,"宿泊2部(平日) + 休憩(サービスタイム3部)",21600,"宿泊1部 + 休憩(サービスタイム2部)"
00:30,0.5,19,○,21600,"宿泊2部(平日) + 休憩(サービスタイム3部)",21600,"宿泊1部 + 休憩(サービスタイム2部)"
00:30,0.5,19.5,○,21600,"宿泊2部(平日) + 休憩(サービスタイム3部)",21600,"宿泊1部 + 休憩(サービスタイム2部)"
00:30,0.5,20,○,21600,"宿泊2部(平日) + 休憩(サービスタイム3部)",21600,"宿泊2部 + 休憩(サービスタイム3部)"
00:30,0.5,20.5,○,21600,"宿泊2部(平日) + 休憩(サービスタイム3部)",21600,"宿泊2部 + 休憩(サービスタイム3部)"
00:30,0.5,21,○,21600,"宿泊2部(平日) + 休憩(サービスタイム3部)",21600,"宿泊2部 + 休憩(サービスタイム3部)"
00:30,0.5,21.5,○,21600,"宿泊2部(平日) + 休憩(サービスタイム3部)",21600,"宿泊2部 + 休憩(サービスタイム3部)"
00:30,0.5,22,○,21600,"宿泊2部(平日) + 休憩(サービスタイム3部)",21600,"宿泊2部 + 休憩(サービスタイム3部)"
00:30,0.5,22.5,○,21600,"宿泊2部(平日) + 休憩(サービスタイム3部)",21600,"宿泊2部 + 休憩(サービスタイム3部)"
00:30,0.5,23,○,23000,"宿泊2部(平日) + 休憩(サービスタイム3部) + 延長1本",23000,"宿泊2部 + 休憩(サービスタイム3部) + 延長1本"
00:30,0.5,23.5,×,-25400,"宿泊2部(平日) + 延長-28本",24400,"宿泊2部 + 休憩(サービスタイム3部) + 延長2本"
00:30,0.5,24,×,-24000,"宿泊2部(平日) + 延長-27本",25800,"宿泊2部 + 休憩(サービスタイム3部) + 延長3本"
01:00,1,0.5,○,6000,"ショート",6000,"ショート"
01:00,1,1,○,6000,"ショート",6000,"ショート"
01:00,1,1.5,×,8800,"深夜休憩",7400,"ショート + 延長1本"
01:00,1,2,○,8800,"深夜休憩",8800,"ショート + 延長2本"
01:00,1,2.5,○,8800,"深夜休憩",8800,"深夜休憩"
01:00,1,3,○,8800,"深夜休憩",8800,"深夜休憩"
01:00,1,3.5,×,13800,"宿泊2部(平日)",13000,"ショート + 延長5本"
01:00,1,4,○,13800,"宿泊2部(平日)",13800,"宿泊1部"
01:00,1,4.5,○,13800,"宿泊2部(平日)",13800,"宿泊1部"
01:00,1,5,○,13800,"宿泊2部(平日)",13800,"宿泊1部"
01:00,1,5.5,○,13800,"宿泊2部(平日)",13800,"宿泊1部"
01:00,1,6,○,13800,"宿泊2部(平日)",13800,"宿泊1部"
01:00,1,6.5,○,13800,"宿泊2部(平日)",13800,"宿泊1部"
01:00,1,7,○,13800,"宿泊2部(平日)",13800,"宿泊1部"
01:00,1,7.5,○,13800,"宿泊2部(平日)",13800,"宿泊1部"
01:00,1,8,○,13800,"宿泊2部(平日)",13800,"宿泊1部"
01:00,1,8.5,○,13800,"宿泊2部(平日)",13800,"宿泊1部"
01:00,1,9,○,13800,"宿泊2部(平日)",13800,"宿泊1部"
01:00,1,9.5,○,13800,"宿泊2部(平日)",13800,"宿泊1部"
01:00,1,10,○,13800,"宿泊2部(平日)",13800,"宿泊1部"
01:00,1,10.5,○,13800,"宿泊2部(平日)",13800,"宿泊1部"
01:00,1,11,○,13800,"宿泊2部(平日)",13800,"宿泊1部"
01:00,1,11.5,○,13800,"宿泊2部(平日)",13800,"宿泊2部"
01:00,1,12,○,13800,"宿泊2部(平日)",13800,"宿泊2部"
01:00,1,12.5,○,13800,"宿泊2部(平日)",13800,"宿泊2部"
01:00,1,13,○,13800,"宿泊2部(平日)",13800,"宿泊2部"
01:00,1,13.5,○,15200,"宿泊2部(平日) + 延長1本",15200,"宿泊2部 + 延長1本"
01:00,1,14,○,16600,"宿泊2部(平日) + 延長2本",16600,"宿泊2部 + 延長2本"
01:00,1,14.5,○,18000,"宿泊2部(平日) + 延長3本",18000,"宿泊2部 + 延長3本"
01:00,1,15,○,19400,"宿泊2部(平日) + 延長4本",19400,"宿泊2部 + 延長4本"
01:00,1,15.5,○,20800,"宿泊2部(平日) + 延長5本",20800,"宿泊2部 + 延長5本"
01:00,1,16,○,21600,"宿泊2部(平日) + 休憩(サービスタイム3部)",21600,"宿泊1部 + 休憩(M時間)"
01:00,1,16.5,○,21600,"宿泊2部(平日) + 休憩(サービスタイム3部)",21600,"宿泊1部 + 休憩(サービスタイム1部)"
01:00,1,17,○,21600,"宿泊2部(平日) + 休憩(サービスタイム3部)",21600,"宿泊1部 + 休憩(サービスタイム1部)"
01:00,1,17.5,○,21600,"宿泊2部(平日) + 休憩(サービスタイム3部)",21600,"宿泊1部 + 休憩(サービスタイム2部)"
01:00,1,18,○,21600,"宿泊2部(平日) + 休憩(サービスタイム3部)",21600,"宿泊1部 + 休憩(サービスタイム2部)"
01:00,1,18.5,○,21600,"宿泊2部(平日) + 休憩(サービスタイム3部)",21600,"宿泊1部 + 休憩(サービスタイム2部)"
01:00,1,19,○,21600,"宿泊2部(平日) + 休憩(サービスタイム3部)",21600,"宿泊1部 + 休憩(サービスタイム2部)"
01:00,1,19.5,○,21600,"宿泊2部(平日) + 休憩(サービスタイム3部)",21600,"宿泊2部 + 休憩(サービスタイム3部)"
01:00,1,20,○,21600,"宿泊2部(平日) + 休憩(サービスタイム3部)",21600,"宿泊2部 + 休憩(サービスタイム3部)"
01:00,1,20.5,○,21600,"宿泊2部(平日) + 休憩(サービスタイム3部)",21600,"宿泊2部 + 休憩(サービスタイム3部)"
01:00,1,21,○,21600,"宿泊2部(平日) + 休憩(サービスタイム3部)",21600,"宿泊2部 + 休憩(サービスタイム3部)"
01:00,1,21.5,○,21600,"宿泊2部(平日) + 休憩(サービスタイム3部)",21600,"宿泊2部 + 休憩(サービスタイム3部)"
01:00,1,22,○,21600,"宿泊2部(平日) + 休憩(サービスタイム3部)",21600,"宿泊2部 + 休憩(サービスタイム3部)"
01:00,1,22.5,○,23000,"宿泊2部(平日) + 休憩(サービスタイム3部) + 延長1本",23000,"宿泊2部 + 休憩(サービスタイム3部) + 延長1本"
01:00,1,23,×,-25400,"宿泊2部(平日) + 延長-28本",24400,"宿泊2部 + 休憩(サービスタイム3部) + 延長2本"
01:00,1,23.5,×,-24000,"宿泊2部(平日) + 延長-27本",25800,"宿泊2部 + 休憩(サービスタイム3部) + 延長3本"
01:00,1,24,×,-22600,"宿泊2部(平日) + 延長-26本",27200,"宿泊2部 + 休憩(サービスタイム3部) + 延長4本"
01:30,1.5,0.5,○,6000,"ショート",6000,"ショート"
01:30,1.5,1,×,8800,"深夜休憩",7400,"ショート + 延長1本"
01:30,1.5,1.5,○,8800,"深夜休憩",8800,"ショート + 延長2本"
01:30,1.5,2,○,8800,"深夜休憩",8800,"深夜休憩"
01:30,1.5,2.5,○,8800,"深夜休憩",8800,"深夜休憩"
01:30,1.5,3,○,8800,"深夜休憩",8800,"深夜休憩"
01:30,1.5,3.5,○,13800,"宿泊2部(平日)",13800,"宿泊1部"
01:30,1.5,4,○,13800,"宿泊2部(平日)",13800,"宿泊1部"
01:30,1.5,4.5,○,13800,"宿泊2部(平日)",13800,"宿泊1部"
01:30,1.5,5,○,13800,"宿泊2部(平日)",13800,"宿泊1部"
01:30,1.5,5.5,○,13800,"宿泊2部(平日)",13800,"宿泊1部"
01:30,1.5,6,○,13800,"宿泊2部(平日)",13800,"宿泊1部"
01:30,1.5,6.5,○,13800,"宿泊2部(平日)",13800,"宿泊1部"
01:30,1.5,7,○,13800,"宿泊2部(平日)",13800,"宿泊1部"
01:30,1.5,7.5,○,13800,"宿泊2部(平日)",13800,"宿泊1部"
01:30,1.5,8,○,13800,"宿泊2部(平日)",13800,"宿泊1部"
01:30,1.5,8.5,○,13800,"宿泊2部(平日)",13800,"宿泊1部"
01:30,1.5,9,○,13800,"宿泊2部(平日)",13800,"宿泊1部"
01:30,1.5,9.5,○,13800,"宿泊2部(平日)",13800,"宿泊1部"
01:30,1.5,10,○,13800,"宿泊2部(平日)",13800,"宿泊1部"
01:30,1.5,10.5,○,13800,"宿泊2部(平日)",13800,"宿泊1部"
01:30,1.5,11,○,13800,"宿泊2部(平日)",13800,"宿泊2部"
01:30,1.5,11.5,○,13800,"宿泊2部(平日)",13800,"宿泊2部"
01:30,1.5,12,○,13800,"宿泊2部(平日)",13800,"宿泊2部"
01:30,1.5,12.5,○,13800,"宿泊2部(平日)",13800,"宿泊2部"
01:30,1.5,13,○,15200,"宿泊2部(平日) + 延長1本",15200,"宿泊2部 + 延長1本"
01:30,1.5,13.5,○,16600,"宿泊2部(平日) + 延長2本",16600,"宿泊2部 + 延長2本"
01:30,1.5,14,○,18000,"宿泊2部(平日) + 延長3本",18000,"宿泊2部 + 延長3本"
01:30,1.5,14.5,○,19400,"宿泊2部(平日) + 延長4本",19400,"宿泊2部 + 延長4本"
01:30,1.5,15,×,20800,"宿泊2部(平日) + 延長5本",20400,"前延長9本 + 休憩(サービスタイム1部)"
01:30,1.5,15.5,×,21600,"宿泊2部(平日) + 休憩(サービスタイム3部)",20400,"前延長9本 + 休憩(サービスタイム1部)"
01:30,1.5,16,×,21600,"宿泊2部(平日) + 休憩(サービスタイム3部)",20400,"前延長9本 + 休憩(サービスタイム1部)"
01:30,1.5,16.5,×,21600,"宿泊2部(平日) + 休憩(サービスタイム3部)",20400,"前延長9本 + 休憩(サービスタイム1部)"
01:30,1.5,17,○,21600,"宿泊2部(平日) + 休憩(サービスタイム3部)",21600,"宿泊1部 + 休憩(サービスタイム2部)"
01:30,1.5,17.5,○,21600,"宿泊2部(平日) + 休憩(サービスタイム3部)",21600,"宿泊1部 + 休憩(サービスタイム2部)"
01:30,1.5,18,○,21600,"宿泊2部(平日) + 休憩(サービスタイム3部)",21600,"宿泊1部 + 休憩(サービスタイム2部)"
01:30,1.5,18.5,○,21600,"宿泊2部(平日) + 休憩(サービスタイム3部)",21600,"宿泊1部 + 休憩(サービスタイム2部)"
01:30,1.5,19,○,21600,"宿泊2部(平日) + 休憩(サービスタイム3部)",21600,"宿泊2部 + 休憩(サービスタイム3部)"
01:30,1.5,19.5,○,21600,"宿泊2部(平日) + 休憩(サービスタイム3部)",21600,"宿泊2部 + 休憩(サービスタイム3部)"
01:30,1.5,20,○,21600,"宿泊2部(平日) + 休憩(サービスタイム3部)",21600,"宿泊2部 + 休憩(サービスタイム3部)"
01:30,1.5,20.5,○,21600,"宿泊2部(平日) + 休憩(サービスタイム3部)",21600,"宿泊2部 + 休憩(サービスタイム3部)"
01:30,1.5,21,○,21600,"宿泊2部(平日) + 休憩(サービスタイム3部)",21600,"宿泊2部 + 休憩(サービスタイム3部)"
01:30,1.5,21.5,○,21600,"宿泊2部(平日) + 休憩(サービスタイム3部)",21600,"宿泊2部 + 休憩(サービスタイム3部)"
01:30,1.5,22,○,23000,"宿泊2部(平日) + 休憩(サービスタイム3部) + 延長1本",23000,"宿泊2部 + 休憩(サービスタイム3部) + 延長1本"
01:30,1.5,22.5,○,24400,"宿泊2部(平日) + 休憩(サービスタイム3部) + 延長2本",24400,"宿泊2部 + 休憩(サービスタイム3部) + 延長2本"
01:30,1.5,23,○,25800,"宿泊2部(平日) + 休憩(サービスタイム3部) + 延長3本",25800,"宿泊2部 + 休憩(サービスタイム3部) + 延長3本"
01:30,1.5,23.5,○,27200,"宿泊2部(平日) + 休憩(サービスタイム3部) + 延長4本",27200,"宿泊2部 + 休憩(サービスタイム3部) + 延長4本"
01:30,1.5,24,○,28600,"宿泊2部(平日) + 休憩(サービスタイム3部) + 延長5本",28600,"宿泊2部 + 休憩(サービスタイム3部) + 延長5本"
06:00,6,0.5,○,6000,"ショート",6000,"ショート"
06:00,6,1,○,6000,"ショート",6000,"ショート"
06:00,6,1.5,○,6000,"ショート",6000,"ショート"
06:00,6,2,○,7400,"ショート + 延長1本",7400,"ショート + 延長1本"
06:00,6,2.5,○,7800,"休憩(サービスタイム1部)(平日)",7800,"休憩(M時間)"
06:00,6,3,○,7800,"休憩(サービスタイム1部)(平日)",7800,"休憩(M時間)"
06:00,6,3.5,○,7800,"休憩(サービスタイム1部)(平日)",7800,"休憩(M時間)"
06:00,6,4,○,7800,"休憩(サービスタイム1部)(平日)",7800,"休憩(M時間)"
06:00,6,4.5,○,7800,"休憩(サービスタイム1部)(平日)",7800,"休憩(M時間)"
06:00,6,5,○,7800,"休憩(サービスタイム1部)(平日)",7800,"休憩(M時間)"
06:00,6,5.5,○,7800,"休憩(サービスタイム1部)(平日)",7800,"休憩(サービスタイム1部)"
06:00,6,6,○,7800,"休憩(サービスタイム1部)(平日)",7800,"休憩(サービスタイム1部)"
06:00,6,6.5,○,7800,"休憩(サービスタイム1部)(平日)",7800,"休憩(サービスタイム1部)"
06:00,6,7,○,7800,"休憩(サービスタイム1部)(平日)",7800,"休憩(サービスタイム1部)"
06:00,6,7.5,○,7800,"休憩(サービスタイム1部)(平日)",7800,"休憩(サービスタイム1部)"
06:00,6,8,○,7800,"休憩(サービスタイム1部)(平日)",7800,"休憩(サービスタイム1部)"
06:00,6,8.5,○,7800,"休憩(サービスタイム1部)(平日)",7800,"休憩(サービスタイム1部)"
06:00,6,9,○,7800,"休憩(サービスタイム1部)(平日)",7800,"休憩(サービスタイム1部)"
06:00,6,9.5,○,7800,"休憩(サービスタイム1部)(平日)",7800,"休憩(サービスタイム1部)"
06:00,6,10,○,7800,"休憩(サービスタイム1部)(平日)",7800,"休憩(サービスタイム1部)"
06:00,6,10.5,○,7800,"休憩(サービスタイム1部)(平日)",7800,"休憩(サービスタイム1部)"
06:00,6,11,○,7800,"休憩(サービスタイム1部)(平日)",7800,"休憩(サービスタイム1部)"
06:00,6,11.5,○,7800,"休憩(サービスタイム1部)(平日)",7800,"休憩(サービスタイム1部)"
06:00,6,12,○,7800,"休憩(サービスタイム1部)(平日)",7800,"休憩(サービスタイム1部)"
06:00,6,12.5,○,9200,"休憩(サービスタイム1部)(平日) + 延長1本",9200,"休憩(サービスタイム1部) + 延長1本"
06:00,6,13,○,10600,"休憩(サービスタイム1部)(平日) + 延長2本",10600,"休憩(サービスタイム1部) + 延長2本"
06:00,6,13.5,○,12000,"休憩(サービスタイム1部)(平日) + 延長3本",12000,"休憩(サービスタイム1部) + 延長3本"
06:00,6,14,○,13400,"休憩(サービスタイム1部)(平日) + 延長4本",13400,"休憩(サービスタイム1部) + 延長4本"
06:00,6,14.5,○,14800,"休憩(サービスタイム1部)(平日) + 延長5本",14800,"休憩(サービスタイム1部) + 延長5本"
06:00,6,15,○,15600,"休憩(サービスタイム1部)(平日) + 休憩(5時間)",15600,"休憩(サービスタイム1部) + 休憩(M時間)"
06:00,6,15.5,○,15600,"休憩(サービスタイム1部)(平日) + 休憩(5時間)",15600,"休憩(サービスタイム1部) + 休憩(M時間)"
06:00,6,16,○,15600,"休憩(サービスタイム1部)(平日) + 休憩(5時間)",15600,"休憩(サービスタイム1部) + 休憩(M時間)"
06:00,6,16.5,○,15600,"休憩(サービスタイム1部)(平日) + 休憩(5時間)",15600,"休憩(サービスタイム1部) + 休憩(M時間)"
06:00,6,17,○,15600,"休憩(サービスタイム1部)(平日) + 休憩(5時間)",15600,"休憩(サービスタイム1部) + 休憩(M時間)"
06:00,6,17.5,○,17000,"休憩(サービスタイム1部)(平日) + 休憩(5時間)+ 延長1本",17000,"休憩(サービスタイム1部) + 延長1本 + 休憩(M時間)"
06:00,6,18,○,18400,"休憩(サービスタイム1部)(平日) + 休憩(5時間)+ 延長2本",18400,"休憩(サービスタイム1部) + 延長2本 + 休憩(M時間)"
06:00,6,18.5,○,19800,"休憩(サービスタイム1部)(平日) + 休憩(5時間)+ 延長3本",19800,"休憩(サービスタイム1部) + 延長3本 + 休憩(M時間)"
06:00,6,19,○,21200,"休憩(サービスタイム1部)(平日) + 休憩(5時間)+ 延長4本",21200,"休憩(サービスタイム1部) + 延長4本 + 休憩(M時間)"
06:00,6,19.5,○,21600,"休憩(サービスタイム1部)(平日) + 宿泊1部(平日)",21600,"休憩(サービスタイム1部) + 宿泊1部"
06:00,6,20,○,21600,"休憩(サービスタイム1部)(平日) + 宿泊1部(平日)",21600,"休憩(サービスタイム1部) + 宿泊1部"
06:00,6,20.5,○,21600,"休憩(サービスタイム1部)(平日) + 宿泊1部(平日)",21600,"休憩(サービスタイム1部) + 宿泊1部"
06:00,6,21,○,21600,"休憩(サービスタイム1部)(平日) + 宿泊1部(平日)",21600,"休憩(サービスタイム1部) + 宿泊1部"
06:00,6,21.5,○,21600,"休憩(サービスタイム1部)(平日) + 宿泊1部(平日)",21600,"休憩(サービスタイム1部) + 宿泊1部"
06:00,6,22,○,21600,"休憩(サービスタイム1部)(平日) + 宿泊1部(平日)",21600,"休憩(サービスタイム1部) + 宿泊1部"
06:00,6,22.5,○,21600,"休憩(サービスタイム1部)(平日) + 宿泊1部(平日)",21600,"休憩(サービスタイム1部) + 宿泊1部"
06:00,6,23,○,21600,"休憩(サービスタイム1部)(平日) + 宿泊1部(平日)",21600,"休憩(サービスタイム1部) + 宿泊1部"
06:00,6,23.5,○,21600,"休憩(サービスタイム1部)(平日) + 宿泊1部(平日)",21600,"休憩(サービスタイム1部) + 宿泊1部"
06:00,6,24,○,21600,"休憩(サービスタイム1部)(平日) + 宿泊1部(平日)",21600,"休憩(サービスタイム1部) + 宿泊1部"
06:30,6.5,0.5,○,6000,"ショート",6000,"ショート"
06:30,6.5,1,○,6000,"ショート",6000,"ショート"
06:30,6.5,1.5,○,6000,"ショート",6000,"ショート"
06:30,6.5,2,○,7400,"ショート + 延長1本",7400,"ショート + 延長1本"
06:30,6.5,2.5,○,7800,"休憩(サービスタイム1部)(平日)",7800,"休憩(M時間)"
06:30,6.5,3,○,7800,"休憩(サービスタイム1部)(平日)",7800,"休憩(M時間)"
06:30,6.5,3.5,○,7800,"休憩(サービスタイム1部)(平日)",7800,"休憩(M時間)"
06:30,6.5,4,○,7800,"休憩(サービスタイム1部)(平日)",7800,"休憩(M時間)"
06:30,6.5,4.5,○,7800,"休憩(サービスタイム1部)(平日)",7800,"休憩(M時間)"
06:30,6.5,5,○,7800,"休憩(サービスタイム1部)(平日)",7800,"休憩(M時間)"
06:30,6.5,5.5,○,7800,"休憩(サービスタイム1部)(平日)",7800,"休憩(サービスタイム1部)"
06:30,6.5,6,○,7800,"休憩(サービスタイム1部)(平日)",7800,"休憩(サービスタイム1部)"
06:30,6.5,6.5,○,7800,"休憩(サービスタイム1部)(平日)",7800,"休憩(サービスタイム1部)"
06:30,6.5,7,○,7800,"休憩(サービスタイム1部)(平日)",7800,"休憩(サービスタイム1部)"
06:30,6.5,7.5,○,7800,"休憩(サービスタイム1部)(平日)",7800,"休憩(サービスタイム1部)"
06:30,6.5,8,○,7800,"休憩(サービスタイム1部)(平日)",7800,"休憩(サービスタイム1部)"
06:30,6.5,8.5,○,7800,"休憩(サービスタイム1部)(平日)",7800,"休憩(サービスタイム1部)"
06:30,6.5,9,○,7800,"休憩(サービスタイム1部)(平日)",7800,"休憩(サービスタイム1部)"
06:30,6.5,9.5,○,7800,"休憩(サービスタイム1部)(平日)",7800,"休憩(サービスタイム1部)"
06:30,6.5,10,○,7800,"休憩(サービスタイム1部)(平日)",7800,"休憩(サービスタイム1部)"
06:30,6.5,10.5,○,7800,"休憩(サービスタイム1部)(平日)",7800,"休憩(サービスタイム1部)"
06:30,6.5,11,○,7800,"休憩(サービスタイム1部)(平日)",7800,"休憩(サービスタイム1部)"
06:30,6.5,11.5,○,7800,"休憩(サービスタイム1部)(平日)",7800,"休憩(サービスタイム1部)"
06:30,6.5,12,○,9200,"休憩(サービスタイム1部)(平日) + 延長1本",9200,"休憩(サービスタイム1部) + 延長1本"
06:30,6.5,12.5,○,10600,"休憩(サービスタイム1部)(平日) + 延長2本",10600,"休憩(サービスタイム1部) + 延長2本"
06:30,6.5,13,○,12000,"休憩(サービスタイム1部)(平日) + 延長3本",12000,"休憩(サービスタイム1部) + 延長3本"
06:30,6.5,13.5,○,13400,"休憩(サービスタイム1部)(平日) + 延長4本",13400,"休憩(サービスタイム1部) + 延長4本"
06:30,6.5,14,○,14800,"休憩(サービスタイム1部)(平日) + 延長5本",14800,"休憩(サービスタイム1部) + 延長5本"
06:30,6.5,14.5,○,15600,"休憩(サービスタイム1部)(平日) + 休憩(5時間)",15600,"休憩(サービスタイム1部) + 休憩(M時間)"
06:30,6.5,15,○,15600,"休憩(サービスタイム1部)(平日) + 休憩(5時間)",15600,"休憩(サービスタイム1部) + 休憩(M時間)"
06:30,6.5,15.5,○,15600,"休憩(サービスタイム1部)(平日) + 休憩(5時間)",15600,"休憩(サービスタイム1部) + 休憩(M時間)"
06:30,6.5,16,○,15600,"休憩(サービスタイム1部)(平日) + 休憩(5時間)",15600,"休憩(サービスタイム1部) + 休憩(M時間)"
06:30,6.5,16.5,○,15600,"休憩(サービスタイム1部)(平日) + 休憩(5時間)",15600,"休憩(サービスタイム1部) + 休憩(M時間)"
06:30,6.5,17,○,17000,"休憩(サービスタイム1部)(平日) + 休憩(5時間)+ 延長1本",17000,"休憩(サービスタイム1部) + 延長1本 + 休憩(M時間)"
06:30,6.5,17.5,○,18400,"休憩(サービスタイム1部)(平日) + 休憩(5時間)+ 延長2本",18400,"休憩(サービスタイム1部) + 延長2本 + 休憩(M時間)"
06:30,6.5,18,○,19800,"休憩(サービスタイム1部)(平日) + 休憩(5時間)+ 延長3本",19800,"休憩(サービスタイム1部) + 延長3本 + 休憩(M時間)"
06:30,6.5,18.5,○,21200,"休憩(サービスタイム1部)(平日) + 休憩(5時間)+ 延長4本",21200,"休憩(サービスタイム1部) + 延長4本 + 休憩(M時間)"
06:30,6.5,19,○,21600,"休憩(サービスタイム1部)(平日) + 宿泊1部(平日)",21600,"休憩(サービスタイム1部) + 宿泊1部"
06:30,6.5,19.5,○,21600,"休憩(サービスタイム1部)(平日) + 宿泊1部(平日)",21600,"休憩(サービスタイム1部) + 宿泊1部"
06:30,6.5,20,○,21600,"休憩(サービスタイム1部)(平日) + 宿泊1部(平日)",21600,"休憩(サービスタイム1部) + 宿泊1部"
06:30,6.5,20.5,○,21600,"休憩(サービスタイム1部)(平日) + 宿泊1部(平日)",21600,"休憩(サービスタイム1部) + 宿泊1部"
06:30,6.5,21,○,21600,"休憩(サービスタイム1部)(平日) + 宿泊1部(平日)",21600,"休憩(サービスタイム1部) + 宿泊1部"
06:30,6.5,21.5,○,21600,"休憩(サービスタイム1部)(平日) + 宿泊1部(平日)",21600,"休憩(サービスタイム1部) + 宿泊1部"
06:30,6.5,22,○,21600,"休憩(サービスタイム1部)(平日) + 宿泊1部(平日)",21600,"休憩(サービスタイム1部) + 宿泊1部"
06:30,6.5,22.5,○,21600,"休憩(サービスタイム1部)(平日) + 宿泊1部(平日)",21600,"休憩(サービスタイム1部) + 宿泊1部"
06:30,6.5,23,○,21600,"休憩(サービスタイム1部)(平日) + 宿泊1部(平日)",21600,"休憩(サービスタイム1部) + 宿泊1部"
06:30,6.5,23.5,○,21600,"休憩(サービスタイム1部)(平日) + 宿泊1部(平日)",21600,"休憩(サービスタイム1部) + 宿泊1部"
06:30,6.5,24,○,21600,"休憩(サービスタイム1部)(平日) + 宿泊1部(平日)",21600,"休憩(サービスタイム1部) + 宿泊1部"
07:00,7,0.5,○,6000,"ショート",6000,"ショート"
07:00,7,1,○,6000,"ショート",6000,"ショート"
07:00,7,1.5,○,6000,"ショート",6000,"ショート"
07:00,7,2,○,7400,"ショート + 延長1本",7400,"ショート + 延長1本"
07:00,7,2.5,○,7800,"休憩(サービスタイム1部)(平日)",7800,"休憩(M時間)"
07:00,7,3,○,7800,"休憩(サービスタイム1部)(平日)",7800,"休憩(M時間)"
07:00,7,3.5,○,7800,"休憩(サービスタイム1部)(平日)",7800,"休憩(M時間)"
07:00,7,4,○,7800,"休憩(サービスタイム1部)(平日)",7800,"休憩(M時間)"
07:00,7,4.5,○,7800,"休憩(サービスタイム1部)(平日)",7800,"休憩(M時間)"
07:00,7,5,○,7800,"休憩(サービスタイム1部)(平日)",7800,"休憩(M時間)"
07:00,7,5.5,○,7800,"休憩(サービスタイム1部)(平日)",7800,"休憩(サービスタイム1部)"
07:00,7,6,○,7800,"休憩(サービスタイム1部)(平日)",7800,"休憩(サービスタイム1部)"
07:00,7,6.5,○,7800,"休憩(サービスタイム1部)(平日)",7800,"休憩(サービスタイム1部)"
07:00,7,7,○,7800,"休憩(サービスタイム1部)(平日)",7800,"休憩(サービスタイム1部)"
07:00,7,7.5,○,7800,"休憩(サービスタイム1部)(平日)",7800,"休憩(サービスタイム1部)"
07:00,7,8,○,7800,"休憩(サービスタイム1部)(平日)",7800,"休憩(サービスタイム1部)"
07:00,7,8.5,○,7800,"休憩(サービスタイム1部)(平日)",7800,"休憩(サービスタイム1部)"
07:00,7,9,○,7800,"休憩(サービスタイム1部)(平日)",7800,"休憩(サービスタイム1部)"
07:00,7,9.5,○,7800,"休憩(サービスタイム1部)(平日)",7800,"休憩(サービスタイム1部)"
07:00,7,10,○,7800,"休憩(サービスタイム1部)(平日)",7800,"休憩(サービスタイム1部)"
07:00,7,10.5,○,7800,"休憩(サービスタイム1部)(平日)",7800,"休憩(サービスタイム1部)"
07:00,7,11,○,7800,"休憩(サービスタイム1部)(平日)",7800,"休憩(サービスタイム1部)"
07:00,7,11.5,○,9200,"休憩(サービスタイム1部)(平日) + 延長1本",9200,"休憩(サービスタイム1部) + 延長1本"
07:00,7,12,○,10600,"休憩(サービスタイム1部)(平日) + 延長2本",10600,"休憩(サービスタイム1部) + 延長2本"
07:00,7,12.5,○,12000,"休憩(サービスタイム1部)(平日) + 延長3本",12000,"休憩(サービスタイム1部) + 延長3本"
07:00,7,13,○,13400,"休憩(サービスタイム1部)(平日) + 延長4本",13400,"休憩(サービスタイム1部) + 延長4本"
07:00,7,13.5,○,14800,"休憩(サービスタイム1部)(平日) + 延長5本",14800,"休憩(サービスタイム1部) + 延長5本"
07:00,7,14,○,15600,"休憩(サービスタイム1部)(平日) + 休憩(5時間)",15600,"休憩(サービスタイム1部) + 休憩(M時間)"
07:00,7,14.5,○,15600,"休憩(サービスタイム1部)(平日) + 休憩(5時間)",15600,"休憩(サービスタイム1部) + 休憩(M時間)"
07:00,7,15,○,15600,"休憩(サービスタイム1部)(平日) + 休憩(5時間)",15600,"休憩(サービスタイム1部) + 休憩(M時間)"
07:00,7,15.5,○,15600,"休憩(サービスタイム1部)(平日) + 休憩(5時間)",15600,"休憩(サービスタイム1部) + 休憩(M時間)"
07:00,7,16,○,15600,"休憩(サービスタイム1部)(平日) + 休憩(5時間)",15600,"休憩(サービスタイム1部) + 休憩(M時間)"
07:00,7,16.5,○,17000,"休憩(サービスタイム1部)(平日) + 休憩(5時間)+ 延長1本",17000,"休憩(サービスタイム1部) + 延長1本 + 休憩(M時間)"
07:00,7,17,○,18400,"休憩(サービスタイム1部)(平日) + 休憩(5時間)+ 延長2本",18400,"休憩(サービスタイム1部) + 延長2本 + 休憩(M時間)"
07:00,7,17.5,○,19800,"休憩(サービスタイム1部)(平日) + 休憩(5時間)+ 延長3本",19800,"休憩(サービスタイム1部) + 延長3本 + 休憩(M時間)"
07:00,7,18,○,21200,"休憩(サービスタイム1部)(平日) + 休憩(5時間)+ 延長4本",21200,"休憩(サービスタイム1部) + 延長4本 + 休憩(M時間)"
07:00,7,18.5,○,21600,"休憩(サービスタイム1部)(平日) + 宿泊1部(平日)",21600,"休憩(サービスタイム1部) + 宿泊1部"
07:00,7,19,○,21600,"休憩(サービスタイム1部)(平日) + 宿泊1部(平日)",21600,"休憩(サービスタイム1部) + 宿泊1部"
07:00,7,19.5,○,21600,"休憩(サービスタイム1部)(平日) + 宿泊1部(平日)",21600,"休憩(サービスタイム1部) + 宿泊1部"
07:00,7,20,○,21600,"休憩(サービスタイム1部)(平日) + 宿泊1部(平日)",21600,"休憩(サービスタイム1部) + 宿泊1部"
07:00,7,20.5,○,21600,"休憩(サービスタイム1部)(平日) + 宿泊1部(平日)",21600,"休憩(サービスタイム1部) + 宿泊1部"
07:00,7,21,○,21600,"休憩(サービスタイム1部)(平日) + 宿泊1部(平日)",21600,"休憩(サービスタイム1部) + 宿泊1部"
07:00,7,21.5,○,21600,"休憩(サービスタイム1部)(平日) + 宿泊1部(平日)",21600,"休憩(サービスタイム1部) + 宿泊1部"
07:00,7,22,○,21600,"休憩(サービスタイム1部)(平日) + 宿泊1部(平日)",21600,"休憩(サービスタイム1部) + 宿泊1部"
07:00,7,22.5,○,21600,"休憩(サービスタイム1部)(平日) + 宿泊1部(平日)",21600,"休憩(サービスタイム1部) + 宿泊1部"
07:00,7,23,○,21600,"休憩(サービスタイム1部)(平日) + 宿泊1部(平日)",21600,"休憩(サービスタイム1部) + 宿泊1部"
07:00,7,23.5,○,21600,"休憩(サービスタイム1部)(平日) + 宿泊1部(平日)",21600,"休憩(サービスタイム1部) + 宿泊1部"
07:00,7,24,○,21600,"休憩(サービスタイム1部)(平日) + 宿泊1部(平日)",21600,"休憩(サービスタイム1部) + 宿泊1部"
07:30,7.5,0.5,○,6000,"ショート",6000,"ショート"
07:30,7.5,1,○,6000,"ショート",6000,"ショート"
07:30,7.5,1.5,○,6000,"ショート",6000,"ショート"
07:30,7.5,2,○,7400,"ショート + 延長1本",7400,"ショート + 延長1本"
07:30,7.5,2.5,○,7800,"休憩(サービスタイム1部)(平日)",7800,"休憩(M時間)"
07:30,7.5,3,○,7800,"休憩(サービスタイム1部)(平日)",7800,"休憩(M時間)"
07:30,7.5,3.5,○,7800,"休憩(サービスタイム1部)(平日)",7800,"休憩(M時間)"
07:30,7.5,4,○,7800,"休憩(サービスタイム1部)(平日)",7800,"休憩(M時間)"
07:30,7.5,4.5,○,7800,"休憩(サービスタイム1部)(平日)",7800,"休憩(M時間)"
07:30,7.5,5,○,7800,"休憩(サービスタイム1部)(平日)",7800,"休憩(M時間)"
07:30,7.5,5.5,○,7800,"休憩(サービスタイム1部)(平日)",7800,"休憩(サービスタイム1部)"
07:30,7.5,6,○,7800,"休憩(サービスタイム1部)(平日)",7800,"休憩(サービスタイム1部)"
07:30,7.5,6.5,○,7800,"休憩(サービスタイム1部)(平日)",7800,"休憩(サービスタイム1部)"
07:30,7.5,7,○,7800,"休憩(サービスタイム1部)(平日)",7800,"休憩(サービスタイム1部)"
07:30,7.5,7.5,○,7800,"休憩(サービスタイム1部)(平日)",7800,"休憩(サービスタイム1部)"
07:30,7.5,8,○,7800,"休憩(サービスタイム1部)(平日)",7800,"休憩(サービスタイム1部)"
07:30,7.5,8.5,○,7800,"休憩(サービスタイム1部)(平日)",7800,"休憩(サービスタイム1部)"
07:30,7.5,9,○,7800,"休憩(サービスタイム1部)(平日)",7800,"休憩(サービスタイム1部)"
07:30,7.5,9.5,○,7800,"休憩(サービスタイム1部)(平日)",7800,"休憩(サービスタイム1部)"
07:30,7.5,10,○,7800,"休憩(サービスタイム1部)(平日)",7800,"休憩(サービスタイム1部)"
07:30,7.5,10.5,○,7800,"休憩(サービスタイム1部)(平日)",7800,"休憩(サービスタイム1部)"
07:30,7.5,11,○,9200,"休憩(サービスタイム1部)(平日) + 延長1本",9200,"休憩(サービスタイム1部) + 延長1本"
07:30,7.5,11.5,○,10600,"休憩(サービスタイム1部)(平日) + 延長2本",10600,"休憩(サービスタイム1部) + 延長2本"
07:30,7.5,12,○,12000,"休憩(サービスタイム1部)(平日) + 延長3本",12000,"休憩(サービスタイム1部) + 延長3本"
07:30,7.5,12.5,○,13400,"休憩(サービスタイム1部)(平日) + 延長4本",13400,"休憩(サービスタイム1部) + 延長4本"
07:30,7.5,13,○,14800,"休憩(サービスタイム1部)(平日) + 延長5本",14800,"休憩(サービスタイム1部) + 延長5本"
07:30,7.5,13.5,○,15600,"休憩(サービスタイム1部)(平日) + 休憩(5時間)",15600,"休憩(サービスタイム1部) + 休憩(M時間)"
07:30,7.5,14,○,15600,"休憩(サービスタイム1部)(平日) + 休憩(5時間)",15600,"休憩(サービスタイム1部) + 休憩(M時間)"
07:30,7.5,14.5,○,15600,"休憩(サービスタイム1部)(平日) + 休憩(5時間)",15600,"休憩(サービスタイム1部) + 休憩(M時間)"
07:30,7.5,15,○,15600,"休憩(サービスタイム1部)(平日) + 休憩(5時間)",15600,"休憩(サービスタイム1部) + 休憩(M時間)"
07:30,7.5,15.5,○,15600,"休憩(サービスタイム1部)(平日) + 休憩(5時間)",15600,"休憩(サービスタイム1部) + 休憩(M時間)"
07:30,7.5,16,○,17000,"休憩(サービスタイム1部)(平日) + 休憩(5時間)+ 延長1本",17000,"休憩(サービスタイム1部) + 延長1本 + 休憩(M時間)"
07:30,7.5,16.5,○,18400,"休憩(サービスタイム1部)(平日) + 休憩(5時間)+ 延長2本",18400,"休憩(サービスタイム1部) + 延長2本 + 休憩(M時間)"
07:30,7.5,17,○,19800,"休憩(サービスタイム1部)(平日) + 休憩(5時間)+ 延長3本",19800,"休憩(サービスタイム1部) + 延長3本 + 休憩(M時間)"
07:30,7.5,17.5,○,21200,"休憩(サービスタイム1部)(平日) + 休憩(5時間)+ 延長4本",21200,"休憩(サービスタイム1部) + 延長4本 + 休憩(M時間)"
07:30,7.5,18,○,21600,"休憩(サービスタイム1部)(平日) + 宿泊1部(平日)",21600,"休憩(サービスタイム1部) + 宿泊1部"
07:30,7.5,18.5,○,21600,"休憩(サービスタイム1部)(平日) + 宿泊1部(平日)",21600,"休憩(サービスタイム1部) + 宿泊1部"
07:30,7.5,19,○,21600,"休憩(サービスタイム1部)(平日) + 宿泊1部(平日)",21600,"休憩(サービスタイム1部) + 宿泊1部"
07:30,7.5,19.5,○,21600,"休憩(サービスタイム1部)(平日) + 宿泊1部(平日)",21600,"休憩(サービスタイム1部) + 宿泊1部"
07:30,7.5,20,○,21600,"休憩(サービスタイム1部)(平日) + 宿泊1部(平日)",21600,"休憩(サービスタイム1部) + 宿泊1部"
07:30,7.5,20.5,○,21600,"休憩(サービスタイム1部)(平日) + 宿泊1部(平日)",21600,"休憩(サービスタイム1部) + 宿泊1部"
07:30,7.5,21,○,21600,"休憩(サービスタイム1部)(平日) + 宿泊1部(平日)",21600,"休憩(サービスタイム1部) + 宿泊1部"
07:30,7.5,21.5,○,21600,"休憩(サービスタイム1部)(平日) + 宿泊1部(平日)",21600,"休憩(サービスタイム1部) + 宿泊1部"
07:30,7.5,22,○,21600,"休憩(サービスタイム1部)(平日) + 宿泊1部(平日)",21600,"休憩(サービスタイム1部) + 宿泊1部"
07:30,7.5,22.5,○,21600,"休憩(サービスタイム1部)(平日) + 宿泊1部(平日)",21600,"休憩(サービスタイム1部) + 宿泊1部"
07:30,7.5,23,○,21600,"休憩(サービスタイム1部)(平日) + 宿泊1部(平日)",21600,"休憩(サービスタイム1部) + 宿泊1部"
07:30,7.5,23.5,○,21600,"休憩(サービスタイム1部)(平日) + 宿泊1部(平日)",21600,"休憩(サービスタイム1部) + 宿泊1部"
07:30,7.5,24,○,21600,"休憩(サービスタイム1部)(平日) + 宿泊1部(平日)",21600,"休憩(サービスタイム1部) + 宿泊1部"
08:00,8,0.5,○,6000,"ショート",6000,"ショート"
08:00,8,1,○,6000,"ショート",6000,"ショート"
08:00,8,1.5,○,6000,"ショート",6000,"ショート"
08:00,8,2,○,7400,"ショート + 延長1本",7400,"ショート + 延長1本"
08:00,8,2.5,○,7800,"休憩(サービスタイム1部)(平日)",7800,"休憩(M時間)"
08:00,8,3,○,7800,"休憩(サービスタイム1部)(平日)",7800,"休憩(M時間)"
08:00,8,3.5,○,7800,"休憩(サービスタイム1部)(平日)",7800,"休憩(M時間)"
08:00,8,4,○,7800,"休憩(サービスタイム1部)(平日)",7800,"休憩(M時間)"
08:00,8,4.5,○,7800,"休憩(サービスタイム1部)(平日)",7800,"休憩(M時間)"
08:00,8,5,○,7800,"休憩(サービスタイム1部)(平日)",7800,"休憩(M時間)"
08:00,8,5.5,○,7800,"休憩(サービスタイム1部)(平日)",7800,"休憩(サービスタイム1部)"
08:00,8,6,○,7800,"休憩(サービスタイム1部)(平日)",7800,"休憩(サービスタイム1部)"
08:00,8,6.5,○,7800,"休憩(サービスタイム1部)(平日)",7800,"休憩(サービスタイム1部)"
08:00,8,7,○,7800,"休憩(サービスタイム1部)(平日)",7800,"休憩(サービスタイム1部)"
08:00,8,7.5,○,7800,"休憩(サービスタイム1部)(平日)",7800,"休憩(サービスタイム1部)"
08:00,8,8,○,7800,"休憩(サービスタイム1部)(平日)",7800,"休憩(サービスタイム1部)"
08:00,8,8.5,○,7800,"休憩(サービスタイム1部)(平日)",7800,"休憩(サービスタイム1部)"
08:00,8,9,○,7800,"休憩(サービスタイム1部)(平日)",7800,"休憩(サービスタイム1部)"
08:00,8,9.5,○,7800,"休憩(サービスタイム1部)(平日)",7800,"休憩(サービスタイム1部)"
08:00,8,10,○,7800,"休憩(サービスタイム1部)(平日)",7800,"休憩(サービスタイム1部)"
08:00,8,10.5,○,9200,"休憩(サービスタイム1部)(平日) + 延長1本",9200,"休憩(サービスタイム1部) + 延長1本"
08:00,8,11,○,10600,"休憩(サービスタイム1部)(平日) + 延長2本",10600,"休憩(サービスタイム1部) + 延長2本"
08:00,8,11.5,○,12000,"休憩(サービスタイム1部)(平日) + 延長3本",12000,"休憩(サービスタイム1部) + 延長3本"
08:00,8,12,○,13400,"休憩(サービスタイム1部)(平日) + 延長4本",13400,"前延長4本 + 休憩(サービスタイム2部)"
08:00,8,12.5,○,14800,"休憩(サービスタイム1部)(平日) + 延長5本",14800,"前延長4本 + 休憩(サービスタイム2部) + 延長1本"
08:00,8,13,○,15600,"休憩(サービスタイム1部)(平日) + 休憩(5時間)",15600,"休憩(サービスタイム1部) + 休憩(M時間)"
08:00,8,13.5,○,15600,"休憩(サービスタイム1部)(平日) + 休憩(5時間)",15600,"休憩(サービスタイム1部) + 休憩(M時間)"
08:00,8,14,○,15600,"休憩(サービスタイム1部)(平日) + 休憩(5時間)",15600,"休憩(サービスタイム1部) + 休憩(M時間)"
08:00,8,14.5,○,15600,"休憩(サービスタイム1部)(平日) + 休憩(5時間)",15600,"休憩(サービスタイム1部) + 休憩(M時間)"
08:00,8,15,○,15600,"休憩(サービスタイム1部)(平日) + 休憩(5時間)",15600,"休憩(サービスタイム1部) + 休憩(M時間)"
08:00,8,15.5,○,17000,"休憩(サービスタイム1部)(平日) + 休憩(5時間)+ 延長1本",17000,"休憩(サービスタイム1部) + 延長1本 + 休憩(M時間)"
08:00,8,16,○,18400,"休憩(サービスタイム1部)(平日) + 休憩(5時間)+ 延長2本",18400,"休憩(サービスタイム1部) + 延長2本 + 休憩(M時間)"
08:00,8,16.5,○,19800,"休憩(サービスタイム1部)(平日) + 休憩(5時間)+ 延長3本",19800,"休憩(サービスタイム1部) + 延長3本 + 休憩(M時間)"
08:00,8,17,○,21200,"休憩(サービスタイム1部)(平日) + 休憩(5時間)+ 延長4本",21200,"前延長4本 + 休憩(サービスタイム2部) + 休憩(M時間)"
08:00,8,17.5,○,21600,"休憩(サービスタイム1部)(平日) + 宿泊1部(平日)",21600,"休憩(サービスタイム1部) + 宿泊1部"
08:00,8,18,○,21600,"休憩(サービスタイム1部)(平日) + 宿泊1部(平日)",21600,"休憩(サービスタイム1部) + 宿泊1部"
08:00,8,18.5,○,21600,"休憩(サービスタイム1部)(平日) + 宿泊1部(平日)",21600,"休憩(サービスタイム1部) + 宿泊1部"
08:00,8,19,○,21600,"休憩(サービスタイム1部)(平日) + 宿泊1部(平日)",21600,"休憩(サービスタイム1部) + 宿泊1部"
08:00,8,19.5,○,21600,"休憩(サービスタイム1部)(平日) + 宿泊1部(平日)",21600,"休憩(サービスタイム1部) + 宿泊1部"
08:00,8,20,○,21600,"休憩(サービスタイム1部)(平日) + 宿泊1部(平日)",21600,"休憩(サービスタイム1部) + 宿泊1部"
08:00,8,20.5,○,21600,"休憩(サービスタイム1部)(平日) + 宿泊1部(平日)",21600,"休憩(サービスタイム1部) + 宿泊1部"
08:00,8,21,○,21600,"休憩(サービスタイム1部)(平日) + 宿泊1部(平日)",21600,"休憩(サービスタイム1部) + 宿泊1部"
08:00,8,21.5,○,21600,"休憩(サービスタイム1部)(平日) + 宿泊1部(平日)",21600,"休憩(サービスタイム1部) + 宿泊1部"
08:00,8,22,○,21600,"休憩(サービスタイム1部)(平日) + 宿泊1部(平日)",21600,"休憩(サービスタイム1部) + 宿泊1部"
08:00,8,22.5,○,21600,"休憩(サービスタイム1部)(平日) + 宿泊1部(平日)",21600,"休憩(サービスタイム1部) + 宿泊1部"
08:00,8,23,○,21600,"休憩(サービスタイム1部)(平日) + 宿泊1部(平日)",21600,"休憩(サービスタイム1部) + 宿泊1部"
08:00,8,23.5,○,21600,"休憩(サービスタイム1部)(平日) + 宿泊1部(平日)",21600,"休憩(サービスタイム1部) + 宿泊1部"
08:00,8,24,○,21600,"休憩(サービスタイム1部)(平日) + 宿泊1部(平日)",21600,"休憩(サービスタイム1部) + 宿泊1部"
08:30,8.5,0.5,○,6000,"ショート",6000,"ショート"
08:30,8.5,1,○,6000,"ショート",6000,"ショート"
08:30,8.5,1.5,○,6000,"ショート",6000,"ショート"
08:30,8.5,2,○,7400,"ショート + 延長1本",7400,"ショート + 延長1本"
08:30,8.5,2.5,○,7800,"休憩(サービスタイム1部)(平日)",7800,"休憩(M時間)"
08:30,8.5,3,○,7800,"休憩(サービスタイム1部)(平日)",7800,"休憩(M時間)"
08:30,8.5,3.5,○,7800,"休憩(サービスタイム1部)(平日)",7800,"休憩(M時間)"
08:30,8.5,4,○,7800,"休憩(サービスタイム1部)(平日)",7800,"休憩(M時間)"
08:30,8.5,4.5,○,7800,"休憩(サービスタイム1部)(平日)",7800,"休憩(M時間)"
08:30,8.5,5,○,7800,"休憩(サービスタイム1部)(平日)",7800,"休憩(M時間)"
08:30,8.5,5.5,○,7800,"休憩(サービスタイム1部)(平日)",7800,"休憩(サービスタイム1部)"
08:30,8.5,6,○,7800,"休憩(サービスタイム1部)(平日)",7800,"休憩(サービスタイム1部)"
08:30,8.5,6.5,○,7800,"休憩(サービスタイム1部)(平日)",7800,"休憩(サービスタイム1部)"
08:30,8.5,7,○,7800,"休憩(サービスタイム1部)(平日)",7800,"休憩(サービスタイム1部)"
08:30,8.5,7.5,○,7800,"休憩(サービスタイム1部)(平日)",7800,"休憩(サービスタイム1部)"
08:30,8.5,8,○,7800,"休憩(サービスタイム1部)(平日)",7800,"休憩(サービスタイム1部)"
08:30,8.5,8.5,○,7800,"休憩(サービスタイム1部)(平日)",7800,"休憩(サービスタイム1部)"
08:30,8.5,9,○,7800,"休憩(サービスタイム1部)(平日)",7800,"休憩(サービスタイム1部)"
08:30,8.5,9.5,○,7800,"休憩(サービスタイム1部)(平日)",7800,"休憩(サービスタイム1部)"
08:30,8.5,10,○,9200,"休憩(サービスタイム1部)(平日) + 延長1本",9200,"休憩(サービスタイム1部) + 延長1本"
08:30,8.5,10.5,○,10600,"休憩(サービスタイム1部)(平日) + 延長2本",10600,"休憩(サービスタイム1部) + 延長2本"
08:30,8.5,11,○,12000,"前延長3本 + 休憩(サービスタイム2部)(平日)",12000,"前延長3本 + 休憩(サービスタイム2部)"
08:30,8.5,11.5,○,12000,"前延長3本 + 休憩(サービスタイム2部)(平日)",12000,"前延長3本 + 休憩(サービスタイム2部)"
08:30,8.5,12,○,13400,"前延長3本 + 休憩(サービスタイム2部)(平日) + 延長 1本",13400,"前延長3本 + 休憩(サービスタイム2部) + 延長1本"
08:30,8.5,12.5,○,14800,"前延長3本 + 休憩(サービスタイム2部)(平日) + 延長 2本",14800,"前延長3本 + 休憩(サービスタイム2部) + 延長2本"
08:30,8.5,13,○,15600,"休憩(サービスタイム1部)(平日) + 休憩(5時間)",15600,"休憩(サービスタイム1部) + 休憩(M時間)"
08:30,8.5,13.5,○,15600,"休憩(サービスタイム1部)(平日) + 休憩(5時間)",15600,"休憩(サービスタイム1部) + 休憩(M時間)"
08:30,8.5,14,○,15600,"休憩(サービスタイム1部)(平日) + 休憩(5時間)",15600,"休憩(サービスタイム1部) + 休憩(M時間)"
08:30,8.5,14.5,○,15600,"休憩(サービスタイム1部)(平日) + 休憩(5時間)",15600,"休憩(サービスタイム1部) + 休憩(M時間)"
08:30,8.5,15,○,17000,"休憩(サービスタイム1部)(平日) + 休憩(5時間)+ 延長1本",17000,"休憩(サービスタイム1部) + 延長1本 + 休憩(M時間)"
08:30,8.5,15.5,○,18400,"休憩(サービスタイム1部)(平日) + 休憩(5時間)+ 延長2本",18400,"休憩(サービスタイム1部) + 延長2本 + 休憩(M時間)"
08:30,8.5,16,○,19800,"前延長3本 + 休憩(サービスタイム2部)(平日) + 休憩(5時間)",19800,"前延長3本 + 休憩(サービスタイム2部) + 休憩(M時間)"
08:30,8.5,16.5,○,19800,"前延長3本 + 休憩(サービスタイム2部)(平日) + 休憩(5時間)",19800,"前延長3本 + 休憩(サービスタイム2部) + 休憩(M時間)"
08:30,8.5,17,○,21200,"前延長3本 + 休憩(サービスタイム2部)(平日)+ 休憩(5時間) + 延長 1本",21200,"前延長3本 + 休憩(サービスタイム2部) + 延長1本 + 休憩(M時間)"
08:30,8.5,17.5,○,21600,"休憩(サービスタイム1部)(平日) + 宿泊1部(平日)",21600,"休憩(サービスタイム1部) + 宿泊1部"
08:30,8.5,18,○,21600,"休憩(サービスタイム1部)(平日) + 宿泊1部(平日)",21600,"休憩(サービスタイム1部) + 宿泊1部"
08:30,8.5,18.5,○,21600,"休憩(サービスタイム1部)(平日) + 宿泊1部(平日)",21600,"休憩(サービスタイム1部) + 宿泊1部"
08:30,8.5,19,○,21600,"休憩(サービスタイム1部)(平日) + 宿泊1部(平日)",21600,"休憩(サービスタイム1部) + 宿泊1部"
08:30,8.5,19.5,○,21600,"休憩(サービスタイム1部)(平日) + 宿泊1部(平日)",21600,"休憩(サービスタイム1部) + 宿泊1部"
08:30,8.5,20,○,21600,"休憩(サービスタイム1部)(平日) + 宿泊1部(平日)",21600,"休憩(サービスタイム1部) + 宿泊1部"
08:30,8.5,20.5,○,21600,"休憩(サービスタイム1部)(平日) + 宿泊1部(平日)",21600,"休憩(サービスタイム1部) + 宿泊1部"
08:30,8.5,21,○,21600,"休憩(サービスタイム1部)(平日) + 宿泊1部(平日)",21600,"休憩(サービスタイム1部) + 宿泊1部"
08:30,8.5,21.5,○,21600,"休憩(サービスタイム1部)(平日) + 宿泊1部(平日)",21600,"休憩(サービスタイム1部) + 宿泊1部"
08:30,8.5,22,○,21600,"休憩(サービスタイム1部)(平日) + 宿泊1部(平日)",21600,"休憩(サービスタイム1部) + 宿泊1部"
08:30,8.5,22.5,○,21600,"休憩(サービスタイム1部)(平日) + 宿泊1部(平日)",21600,"休憩(サービスタイム1部) + 宿泊1部"
08:30,8.5,23,○,21600,"休憩(サービスタイム1部)(平日) + 宿泊1部(平日)",21600,"休憩(サービスタイム1部) + 宿泊1部"
08:30,8.5,23.5,○,21600,"休憩(サービスタイム1部)(平日) + 宿泊1部(平日)",21600,"休憩(サービスタイム1部) + 宿泊1部"
08:30,8.5,24,○,21600,"休憩(サービスタイム1部)(平日) + 宿泊1部(平日)",21600,"休憩(サービスタイム1部) + 宿泊1部"
09:00,9,0.5,○,6000,"ショート",6000,"ショート"
09:00,9,1,○,6000,"ショート",6000,"ショート"
09:00,9,1.5,○,6000,"ショート",6000,"ショート"
09:00,9,2,○,7400,"ショート + 延長1本",7400,"ショート + 延長1本"
09:00,9,2.5,○,7800,"休憩(サービスタイム1部)(平日)",7800,"休憩(M時間)"
09:00,9,3,○,7800,"休憩(サービスタイム1部)(平日)",7800,"休憩(M時間)"
09:00,9,3.5,○,7800,"休憩(サービスタイム1部)(平日)",7800,"休憩(M時間)"
09:00,9,4,○,7800,"休憩(サービスタイム1部)(平日)",7800,"休憩(M時間)"
09:00,9,4.5,○,7800,"休憩(サービスタイム1部)(平日)",7800,"休憩(M時間)"
09:00,9,5,○,7800,"休憩(サービスタイム1部)(平日)",7800,"休憩(M時間)"
09:00,9,5.5,○,7800,"休憩(サービスタイム1部)(平日)",7800,"休憩(サービスタイム1部)"
09:00,9,6,○,7800,"休憩(サービスタイム1部)(平日)",7800,"休憩(サービスタイム1部)"
09:00,9,6.5,○,7800,"休憩(サービスタイム1部)(平日)",7800,"休憩(サービスタイム1部)"
09:00,9,7,○,7800,"休憩(サービスタイム1部)(平日)",7800,"休憩(サービスタイム1部)"
09:00,9,7.5,○,7800,"休憩(サービスタイム1部)(平日)",7800,"休憩(サービスタイム1部)"
09:00,9,8,○,7800,"休憩(サービスタイム1部)(平日)",7800,"休憩(サービスタイム1部)"
09:00,9,8.5,○,7800,"休憩(サービスタイム1部)(平日)",7800,"休憩(サービスタイム1部)"
09:00,9,9,○,7800,"休憩(サービスタイム1部)(平日)",7800,"休憩(サービスタイム1部)"
09:00,9,9.5,○,9200,"休憩(サービスタイム1部)(平日) + 延長1本",9200,"休憩(サービスタイム1部) + 延長1本"
09:00,9,10,○,10600,"前延長2本 + 休憩(サービスタイム2部)(平日)",10600,"前延長2本 + 休憩(サービスタイム2部)"
09:00,9,10.5,○,10600,"前延長2本 + 休憩(サービスタイム2部)(平日)",10600,"前延長2本 + 休憩(サービスタイム2部)"
09:00,9,11,○,10600,"前延長2本 + 休憩(サービスタイム2部)(平日)",10600,"前延長2本 + 休憩(サービスタイム2部)"
09:00,9,11.5,○,12000,"前延長2本 + 休憩(サービスタイム2部)(平日) + 延長 1本",12000,"前延長2本 + 休憩(サービスタイム2部) + 延長1本"
09:00,9,12,○,13400,"前延長2本 + 休憩(サービスタイム2部)(平日) + 延長 2本",13400,"前延長2本 + 休憩(サービスタイム2部) + 延長2本"
09:00,9,12.5,○,14800,"前延長2本 + 休憩(サービスタイム2部)(平日) + 延長 3本",14800,"前延長2本 + 休憩(サービスタイム2部) + 延長3本"
09:00,9,13,○,15600,"休憩(サービスタイム1部)(平日) + 休憩(5時間)",15600,"休憩(M時間) + 休憩(サービスタイム3部)"
09:00,9,13.5,○,15600,"休憩(サービスタイム1部)(平日) + 休憩(5時間)",15600,"休憩(M時間) + 休憩(サービスタイム3部)"
09:00,9,14,○,15600,"休憩(サービスタイム1部)(平日) + 休憩(5時間)",15600,"休憩(M時間) + 休憩(サービスタイム3部)"
09:00,9,14.5,○,17000,"休憩(サービスタイム1部)(平日) + 休憩(5時間)+ 延長1本",17000,"休憩(M時間) + 休憩(サービスタイム3部) + 延長1本"
09:00,9,15,○,18400,"前延長2本 + 休憩(サービスタイム2部)(平日) + 休憩(5時間)",18400,"前延長2本 + 休憩(サービスタイム2部) + 休憩(M時間)"
09:00,9,15.5,○,18400,"前延長2本 + 休憩(サービスタイム2部)(平日) + 休憩(5時間)",18400,"前延長2本 + 休憩(サービスタイム2部) + 休憩(M時間)"
09:00,9,16,○,18400,"前延長2本 + 休憩(サービスタイム2部)(平日) + 休憩(5時間)",18400,"前延長2本 + 休憩(サービスタイム2部) + 休憩(M時間)"
09:00,9,16.5,○,19800,"前延長2本 + 休憩(サービスタイム2部)(平日)+ 休憩(5時間) + 延長 1本",19800,"前延長2本 + 休憩(サービスタイム2部) + 延長1本 + 休憩(M時間)"
09:00,9,17,○,21200,"前延長2本 + 休憩(サービスタイム2部)(平日)+ 休憩(5時間) + 延長 2本",21200,"前延長2本 + 休憩(サービスタイム2部) + 延長2本 + 休憩(M時間)"
09:00,9,17.5,○,21600,"休憩(サービスタイム1部)(平日) + 宿泊1部(平日)",21600,"休憩(サービスタイム1部) + 宿泊1部"
09:00,9,18,○,21600,"休憩(サービスタイム1部)(平日) + 宿泊1部(平日)",21600,"休憩(サービスタイム1部) + 宿泊1部"
09:00,9,18.5,○,21600,"休憩(サービスタイム1部)(平日) + 宿泊1部(平日)",21600,"休憩(サービスタイム1部) + 宿泊1部"
09:00,9,19,○,21600,"休憩(サービスタイム1部)(平日) + 宿泊1部(平日)",21600,"休憩(サービスタイム1部) + 宿泊1部"
09:00,9,19.5,○,21600,"休憩(サービスタイム1部)(平日) + 宿泊1部(平日)",21600,"休憩(サービスタイム1部) + 宿泊1部"
09:00,9,20,○,21600,"休憩(サービスタイム1部)(平日) + 宿泊1部(平日)",21600,"休憩(サービスタイム1部) + 宿泊1部"
09:00,9,20.5,○,21600,"休憩(サービスタイム1部)(平日) + 宿泊1部(平日)",21600,"休憩(サービスタイム1部) + 宿泊1部"
09:00,9,21,○,21600,"休憩(サービスタイム1部)(平日) + 宿泊1部(平日)",21600,"休憩(サービスタイム1部) + 宿泊1部"
09:00,9,21.5,○,21600,"休憩(サービスタイム1部)(平日) + 宿泊1部(平日)",21600,"休憩(サービスタイム1部) + 宿泊1部"
09:00,9,22,○,21600,"休憩(サービスタイム1部)(平日) + 宿泊1部(平日)",21600,"休憩(サービスタイム1部) + 宿泊1部"
09:00,9,22.5,○,21600,"休憩(サービスタイム1部)(平日) + 宿泊1部(平日)",21600,"休憩(サービスタイム1部) + 宿泊1部"
09:00,9,23,○,21600,"休憩(サービスタイム1部)(平日) + 宿泊1部(平日)",21600,"休憩(サービスタイム1部) + 宿泊1部"
09:00,9,23.5,○,21600,"休憩(サービスタイム1部)(平日) + 宿泊1部(平日)",21600,"休憩(サービスタイム1部) + 宿泊1部"
09:00,9,24,○,21600,"休憩(サービスタイム1部)(平日) + 宿泊1部(平日)",21600,"休憩(サービスタイム1部) + 宿泊1部"
09:30,9.5,0.5,○,6000,"ショート",6000,"ショート"
09:30,9.5,1,○,6000,"ショート",6000,"ショート"
09:30,9.5,1.5,○,6000,"ショート",6000,"ショート"
09:30,9.5,2,○,7400,"ショート + 延長1本",7400,"ショート + 延長1本"
09:30,9.5,2.5,○,7800,"休憩(サービスタイム1部)(平日)",7800,"休憩(M時間)"
09:30,9.5,3,○,7800,"休憩(サービスタイム1部)(平日)",7800,"休憩(M時間)"
09:30,9.5,3.5,○,7800,"休憩(サービスタイム1部)(平日)",7800,"休憩(M時間)"
09:30,9.5,4,○,7800,"休憩(サービスタイム1部)(平日)",7800,"休憩(M時間)"
09:30,9.5,4.5,○,7800,"休憩(サービスタイム1部)(平日)",7800,"休憩(M時間)"
09:30,9.5,5,○,7800,"休憩(サービスタイム1部)(平日)",7800,"休憩(M時間)"
09:30,9.5,5.5,○,7800,"休憩(サービスタイム1部)(平日)",7800,"休憩(サービスタイム1部)"
09:30,9.5,6,○,7800,"休憩(サービスタイム1部)(平日)",7800,"休憩(サービスタイム1部)"
09:30,9.5,6.5,○,7800,"休憩(サービスタイム1部)(平日)",7800,"休憩(サービスタイム1部)"
09:30,9.5,7,○,7800,"休憩(サービスタイム1部)(平日)",7800,"休憩(サービスタイム1部)"
09:30,9.5,7.5,○,7800,"休憩(サービスタイム1部)(平日)",7800,"休憩(サービスタイム1部)"
09:30,9.5,8,○,7800,"休憩(サービスタイム1部)(平日)",7800,"休憩(サービスタイム1部)"
09:30,9.5,8.5,○,7800,"休憩(サービスタイム1部)(平日)",7800,"休憩(サービスタイム1部)"
09:30,9.5,9,○,9200,"前延長1本 + 休憩(サービスタイム2部)(平日)",9200,"前延長1本 + 休憩(サービスタイム2部)"
09:30,9.5,9.5,○,9200,"前延長1本 + 休憩(サービスタイム2部)(平日)",9200,"前延長1本 + 休憩(サービスタイム2部)"
09:30,9.5,10,○,9200,"前延長1本 + 休憩(サービスタイム2部)(平日)",9200,"前延長1本 + 休憩(サービスタイム2部)"
09:30,9.5,10.5,○,9200,"前延長1本 + 休憩(サービスタイム2部)(平日)",9200,"前延長1本 + 休憩(サービスタイム2部)"
09:30,9.5,11,○,10600,"前延長1本 + 休憩(サービスタイム2部)(平日) + 延長 1本",10600,"前延長1本 + 休憩(サービスタイム2部) + 延長1本"
09:30,9.5,11.5,○,12000,"前延長1本 + 休憩(サービスタイム2部)(平日) + 延長 2本",12000,"前延長1本 + 休憩(サービスタイム2部) + 延長2本"
09:30,9.5,12,○,13400,"前延長1本 + 休憩(サービスタイム2部)(平日) + 延長 3本",13400,"前延長1本 + 休憩(サービスタイム2部) + 延長3本"
09:30,9.5,12.5,○,14800,"前延長1本 + 休憩(サービスタイム2部)(平日) + 延長 4本",14800,"前延長1本 + 休憩(サービスタイム2部) + 延長4本"
09:30,9.5,13,○,15600,"休憩(サービスタイム1部)(平日) + 休憩(5時間)",15600,"休憩(M時間) + 休憩(サービスタイム3部)"
09:30,9.5,13.5,○,15600,"休憩(サービスタイム1部)(平日) + 休憩(5時間)",15600,"休憩(M時間) + 休憩(サービスタイム3部)"
09:30,9.5,14,○,17000,"前延長1本 + 休憩(サービスタイム2部)(平日)+ 休憩(5時間)",17000,"前延長1本 + 休憩(サービスタイム2部) + 休憩(M時間)"
09:30,9.5,14.5,○,17000,"前延長1本 + 休憩(サービスタイム2部)(平日) + 休憩(5時間)",17000,"前延長1本 + 休憩(サービスタイム2部) + 休憩(M時間)"
09:30,9.5,15,○,17000,"前延長1本 + 休憩(サービスタイム2部)(平日) + 休憩(5時間)",17000,"前延長1本 + 休憩(サービスタイム2部) + 休憩(M時間)"
09:30,9.5,15.5,○,17000,"前延長1本 + 休憩(サービスタイム2部)(平日) + 休憩(5時間)",17000,"前延長1本 + 休憩(サービスタイム2部) + 休憩(M時間)"
09:30,9.5,16,○,18400,"前延長1本 + 休憩(サービスタイム2部)(平日)+ 休憩(5時間) + 延長 1本",18400,"前延長1本 + 休憩(サービスタイム2部) + 延長1本 + 休憩(M時間)"
09:30,9.5,16.5,○,19800,"前延長1本 + 休憩(サービスタイム2部)(平日)+ 休憩(5時間) + 延長 2本",19800,"前延長1本 + 休憩(サービスタイム2部) + 延長2本 + 休憩(M時間)"
09:30,9.5,17,×,21600,"休憩(サービスタイム1部)(平日) + 宿泊1部(平日)",21200,"前延長1本 + 休憩(サービスタイム2部) + 延長2本 + 休憩(M時間) + 延長1本"
09:30,9.5,17.5,○,21600,"休憩(サービスタイム1部)(平日) + 宿泊1部(平日)",21600,"休憩(サービスタイム1部) + 宿泊1部"
09:30,9.5,18,○,21600,"休憩(サービスタイム1部)(平日) + 宿泊1部(平日)",21600,"休憩(サービスタイム1部) + 宿泊1部"
09:30,9.5,18.5,○,21600,"休憩(サービスタイム1部)(平日) + 宿泊1部(平日)",21600,"休憩(サービスタイム1部) + 宿泊1部"
09:30,9.5,19,○,21600,"休憩(サービスタイム1部)(平日) + 宿泊1部(平日)",21600,"休憩(サービスタイム1部) + 宿泊1部"
09:30,9.5,19.5,○,21600,"休憩(サービスタイム1部)(平日) + 宿泊1部(平日)",21600,"休憩(サービスタイム1部) + 宿泊1部"
09:30,9.5,20,○,21600,"休憩(サービスタイム1部)(平日) + 宿泊1部(平日)",21600,"休憩(サービスタイム1部) + 宿泊1部"
09:30,9.5,20.5,○,21600,"休憩(サービスタイム1部)(平日) + 宿泊1部(平日)",21600,"休憩(サービスタイム1部) + 宿泊1部"
09:30,9.5,21,○,21600,"休憩(サービスタイム1部)(平日) + 宿泊1部(平日)",21600,"休憩(サービスタイム1部) + 宿泊1部"
09:30,9.5,21.5,○,21600,"休憩(サービスタイム1部)(平日) + 宿泊1部(平日)",21600,"休憩(サービスタイム1部) + 宿泊1部"
09:30,9.5,22,○,21600,"休憩(サービスタイム1部)(平日) + 宿泊1部(平日)",21600,"休憩(サービスタイム1部) + 宿泊1部"
09:30,9.5,22.5,○,21600,"休憩(サービスタイム1部)(平日) + 宿泊1部(平日)",21600,"休憩(サービスタイム1部) + 宿泊1部"
09:30,9.5,23,○,21600,"休憩(サービスタイム1部)(平日) + 宿泊1部(平日)",21600,"休憩(サービスタイム1部) + 宿泊1部"
09:30,9.5,23.5,○,21600,"休憩(サービスタイム1部)(平日) + 宿泊1部(平日)",21600,"休憩(サービスタイム1部) + 宿泊1部"
09:30,9.5,24,○,21600,"休憩(サービスタイム1部)(平日) + 宿泊1部(平日)",21600,"休憩(サービスタイム1部) + 宿泊1部"
10:00,10,0.5,○,6000,"ショート",6000,"ショート"
10:00,10,1,○,6000,"ショート",6000,"ショート"
10:00,10,1.5,○,6000,"ショート",6000,"ショート"
10:00,10,2,○,7400,"ショート + 延長1本",7400,"ショート + 延長1本"
10:00,10,2.5,○,7800,"休憩(サービスタイム2部)(平日)",7800,"休憩(M時間)"
10:00,10,3,○,7800,"休憩(サービスタイム2部)(平日)",7800,"休憩(M時間)"
10:00,10,3.5,○,7800,"休憩(サービスタイム2部)(平日)",7800,"休憩(M時間)"
10:00,10,4,○,7800,"休憩(サービスタイム2部)(平日)",7800,"休憩(M時間)"
10:00,10,4.5,○,7800,"休憩(サービスタイム2部)(平日)",7800,"休憩(M時間)"
10:00,10,5,○,7800,"休憩(サービスタイム2部)(平日)",7800,"休憩(M時間)"
10:00,10,5.5,○,7800,"休憩(サービスタイム2部)(平日)",7800,"休憩(サービスタイム1部)"
10:00,10,6,○,7800,"休憩(サービスタイム2部)(平日)",7800,"休憩(サービスタイム1部)"
10:00,10,6.5,○,7800,"休憩(サービスタイム2部)(平日)",7800,"休憩(サービスタイム1部)"
10:00,10,7,○,7800,"休憩(サービスタイム2部)(平日)",7800,"休憩(サービスタイム1部)"
10:00,10,7.5,○,7800,"休憩(サービスタイム2部)(平日)",7800,"休憩(サービスタイム1部)"
10:00,10,8,○,7800,"休憩(サービスタイム2部)(平日)",7800,"休憩(サービスタイム1部)"
10:00,10,8.5,○,7800,"休憩(サービスタイム2部)(平日)",7800,"休憩(サービスタイム2部)"
10:00,10,9,○,7800,"休憩(サービスタイム2部)(平日)",7800,"休憩(サービスタイム2部)"
10:00,10,9.5,○,7800,"休憩(サービスタイム2部)(平日)",7800,"休憩(サービスタイム2部)"
10:00,10,10,○,7800,"休憩(サービスタイム2部)(平日)",7800,"休憩(サービスタイム2部)"
10:00,10,10.5,○,9200,"休憩(サービスタイム2部)(平日) + 延長1本",9200,"休憩(サービスタイム2部) + 延長1本"
10:00,10,11,○,10600,"休憩(サービスタイム2部)(平日) + 延長2本",10600,"休憩(サービスタイム2部) + 延長2本"
10:00,10,11.5,○,12000,"休憩(サービスタイム2部)(平日) + 延長3本",12000,"休憩(サービスタイム2部) + 延長3本"
10:00,10,12,○,13400,"休憩(サービスタイム2部)(平日) + 延長4本",13400,"休憩(サービスタイム2部) + 延長4本"
10:00,10,12.5,○,14800,"休憩(サービスタイム2部)(平日) + 延長5本",14800,"休憩(サービスタイム2部) + 延長5本"
10:00,10,13,○,15600,"休憩(サービスタイム2部)(平日) + 休憩(5時間)",15600,"休憩(M時間) + 休憩(サービスタイム3部)"
10:00,10,13.5,○,15600,"休憩(サービスタイム2部)(平日) + 休憩(5時間)",15600,"休憩(サービスタイム2部) + 休憩(M時間)"
10:00,10,14,○,15600,"休憩(サービスタイム2部)(平日) + 休憩(5時間)",15600,"休憩(サービスタイム2部) + 休憩(M時間)"
10:00,10,14.5,○,15600,"休憩(サービスタイム2部)(平日) + 休憩(5時間)",15600,"休憩(サービスタイム2部) + 休憩(M時間)"
10:00,10,15,○,15600,"休憩(サービスタイム2部)(平日) + 休憩(5時間)",15600,"休憩(サービスタイム2部) + 休憩(M時間)"
10:00,10,15.5,○,17000,"休憩(サービスタイム2部)(平日) + 休憩(5時間)+ 延長1本",17000,"休憩(サービスタイム2部) + 延長1本 + 休憩(M時間)"
10:00,10,16,○,18400,"休憩(サービスタイム2部)(平日) + 休憩(5時間)+ 延長2本",18400,"休憩(サービスタイム2部) + 延長2本 + 休憩(M時間)"
10:00,10,16.5,×,21600,"休憩(サービスタイム1部)(平日) + 宿泊1部(平日)",19800,"休憩(サービスタイム2部) + 延長2本 + 休憩(M時間) + 延長1本"
10:00,10,17,×,21600,"休憩(サービスタイム1部)(平日) + 宿泊1部(平日)",21200,"休憩(サービスタイム2部) + 延長2本 + 休憩(M時間) + 延長2本"
10:00,10,17.5,○,21600,"休憩(サービスタイム1部)(平日) + 宿泊1部(平日)",21600,"休憩(サービスタイム1部) + 宿泊1部"
10:00,10,18,○,21600,"休憩(サービスタイム1部)(平日) + 宿泊1部(平日)",21600,"休憩(サービスタイム1部) + 宿泊1部"
10:00,10,18.5,○,21600,"休憩(サービスタイム1部)(平日) + 宿泊1部(平日)",21600,"休憩(サービスタイム1部) + 宿泊1部"
10:00,10,19,○,21600,"休憩(サービスタイム1部)(平日) + 宿泊1部(平日)",21600,"休憩(サービスタイム1部) + 宿泊1部"
10:00,10,19.5,○,21600,"休憩(サービスタイム1部)(平日) + 宿泊1部(平日)",21600,"休憩(サービスタイム1部) + 宿泊1部"
10:00,10,20,○,21600,"休憩(サービスタイム1部)(平日) + 宿泊1部(平日)",21600,"休憩(サービスタイム1部) + 宿泊1部"
10:00,10,20.5,○,21600,"休憩(サービスタイム1部)(平日) + 宿泊1部(平日)",21600,"休憩(サービスタイム1部) + 宿泊1部"
10:00,10,21,○,21600,"休憩(サービスタイム1部)(平日) + 宿泊1部(平日)",21600,"休憩(サービスタイム1部) + 宿泊1部"
10:00,10,21.5,○,21600,"休憩(サービスタイム1部)(平日) + 宿泊1部(平日)",21600,"休憩(サービスタイム1部) + 宿泊1部"
10:00,10,22,○,21600,"休憩(サービスタイム1部)(平日) + 宿泊1部(平日)",21600,"休憩(サービスタイム1部) + 宿泊1部"
10:00,10,22.5,○,21600,"休憩(サービスタイム1部)(平日) + 宿泊1部(平日)",21600,"休憩(サービスタイム1部) + 宿泊1部"
10:00,10,23,○,21600,"休憩(サービスタイム1部)(平日) + 宿泊1部(平日)",21600,"休憩(サービスタイム1部) + 宿泊1部"
10:00,10,23.5,○,21600,"休憩(サービスタイム1部)(平日) + 宿泊1部(平日)",21600,"休憩(サービスタイム1部) + 宿泊1部"
10:00,10,24,○,21600,"休憩(サービスタイム1部)(平日) + 宿泊1部(平日)",21600,"休憩(サービスタイム1部) + 宿泊1部"
10:30,10.5,0.5,○,6000,"ショート",6000,"ショート"
10:30,10.5,1,○,6000,"ショート",6000,"ショート"
10:30,10.5,1.5,○,6000,"ショート",6000,"ショート"
10:30,10.5,2,○,7400,"ショート + 延長1本",7400,"ショート + 延長1本"
10:30,10.5,2.5,○,7800,"休憩(サービスタイム2部)(平日)",7800,"休憩(M時間)"
10:30,10.5,3,○,7800,"休憩(サービスタイム2部)(平日)",7800,"休憩(M時間)"
10:30,10.5,3.5,○,7800,"休憩(サービスタイム2部)(平日)",7800,"休憩(M時間)"
10:30,10.5,4,○,7800,"休憩(サービスタイム2部)(平日)",7800,"休憩(M時間)"
10:30,10.5,4.5,○,7800,"休憩(サービスタイム2部)(平日)",7800,"休憩(M時間)"
10:30,10.5,5,○,7800,"休憩(サービスタイム2部)(平日)",7800,"休憩(M時間)"
10:30,10.5,5.5,○,7800,"休憩(サービスタイム2部)(平日)",7800,"休憩(サービスタイム1部)"
10:30,10.5,6,○,7800,"休憩(サービスタイム2部)(平日)",7800,"休憩(サービスタイム1部)"
10:30,10.5,6.5,○,7800,"休憩(サービスタイム2部)(平日)",7800,"休憩(サービスタイム1部)"
10:30,10.5,7,○,7800,"休憩(サービスタイム2部)(平日)",7800,"休憩(サービスタイム1部)"
10:30,10.5,7.5,○,7800,"休憩(サービスタイム2部)(平日)",7800,"休憩(サービスタイム1部)"
10:30,10.5,8,○,7800,"休憩(サービスタイム2部)(平日)",7800,"休憩(サービスタイム2部)"
10:30,10.5,8.5,○,7800,"休憩(サービスタイム2部)(平日)",7800,"休憩(サービスタイム2部)"
10:30,10.5,9,○,7800,"休憩(サービスタイム2部)(平日)",7800,"休憩(サービスタイム2部)"
10:30,10.5,9.5,○,7800,"休憩(サービスタイム2部)(平日)",7800,"休憩(サービスタイム2部)"
10:30,10.5,10,○,9200,"休憩(サービスタイム2部)(平日) + 延長1本",9200,"休憩(サービスタイム2部) + 延長1本"
10:30,10.5,10.5,○,10600,"休憩(サービスタイム2部)(平日) + 延長2本",10600,"休憩(サービスタイム2部) + 延長2本"
10:30,10.5,11,○,12000,"休憩(サービスタイム2部)(平日) + 延長3本",12000,"休憩(サービスタイム2部) + 延長3本"
10:30,10.5,11.5,○,13400,"休憩(サービスタイム2部)(平日) + 延長4本",13400,"休憩(サービスタイム2部) + 延長4本"
10:30,10.5,12,○,14800,"休憩(サービスタイム2部)(平日) + 延長5本",14800,"休憩(サービスタイム2部) + 延長5本"
10:30,10.5,12.5,○,15600,"休憩(サービスタイム2部)(平日) + 休憩(5時間)",15600,"休憩(M時間) + 休憩(サービスタイム3部)"
10:30,10.5,13,○,15600,"休憩(サービスタイム2部)(平日) + 休憩(5時間)",15600,"休憩(サービスタイム2部) + 休憩(M時間)"
10:30,10.5,13.5,○,15600,"休憩(サービスタイム2部)(平日) + 休憩(5時間)",15600,"休憩(サービスタイム2部) + 休憩(M時間)"
10:30,10.5,14,○,15600,"休憩(サービスタイム2部)(平日) + 休憩(5時間)",15600,"休憩(サービスタイム2部) + 休憩(M時間)"
10:30,10.5,14.5,○,15600,"休憩(サービスタイム2部)(平日) + 休憩(5時間)",15600,"休憩(サービスタイム2部) + 休憩(M時間)"
10:30,10.5,15,○,17000,"休憩(サービスタイム2部)(平日) + 休憩(5時間)+ 延長1本",17000,"休憩(サービスタイム2部) + 延長1本 + 休憩(M時間)"
10:30,10.5,15.5,○,18400,"休憩(サービスタイム2部)(平日) + 休憩(5時間)+ 延長2本",18400,"休憩(サービスタイム2部) + 延長2本 + 休憩(M時間)"
10:30,10.5,16,×,21600,"休憩(サービスタイム1部)(平日) + 宿泊1部(平日)",19800,"休憩(サービスタイム2部) + 延長2本 + 休憩(M時間) + 延長1本"
10:30,10.5,16.5,×,21600,"休憩(サービスタイム1部)(平日) + 宿泊1部(平日)",21200,"休憩(サービスタイム2部) + 延長2本 + 休憩(M時間) + 延長2本"
10:30,10.5,17,○,21600,"休憩(サービスタイム1部)(平日) + 宿泊1部(平日)",21600,"休憩(サービスタイム1部) + 宿泊1部"
10:30,10.5,17.5,○,21600,"休憩(サービスタイム1部)(平日) + 宿泊1部(平日)",21600,"休憩(サービスタイム1部) + 宿泊1部"
10:30,10.5,18,○,21600,"休憩(サービスタイム1部)(平日) + 宿泊1部(平日)",21600,"休憩(サービスタイム1部) + 宿泊1部"
10:30,10.5,18.5,○,21600,"休憩(サービスタイム1部)(平日) + 宿泊1部(平日)",21600,"休憩(サービスタイム1部) + 宿泊1部"
10:30,10.5,19,○,21600,"休憩(サービスタイム1部)(平日) + 宿泊1部(平日)",21600,"休憩(サービスタイム1部) + 宿泊1部"
10:30,10.5,19.5,○,21600,"休憩(サービスタイム1部)(平日) + 宿泊1部(平日)",21600,"休憩(サービスタイム1部) + 宿泊1部"
10:30,10.5,20,○,21600,"休憩(サービスタイム1部)(平日) + 宿泊1部(平日)",21600,"休憩(サービスタイム1部) + 宿泊1部"
10:30,10.5,20.5,○,21600,"休憩(サービスタイム1部)(平日) + 宿泊1部(平日)",21600,"休憩(サービスタイム1部) + 宿泊1部"
10:30,10.5,21,○,21600,"休憩(サービスタイム1部)(平日) + 宿泊1部(平日)",21600,"休憩(サービスタイム1部) + 宿泊1部"
10:30,10.5,21.5,○,21600,"休憩(サービスタイム1部)(平日) + 宿泊1部(平日)",21600,"休憩(サービスタイム1部) + 宿泊1部"
10:30,10.5,22,○,21600,"休憩(サービスタイム1部)(平日) + 宿泊1部(平日)",21600,"休憩(サービスタイム1部) + 宿泊1部"
10:30,10.5,22.5,○,21600,"休憩(サービスタイム1部)(平日) + 宿泊1部(平日)",21600,"休憩(サービスタイム1部) + 宿泊1部"
10:30,10.5,23,○,21600,"休憩(サービスタイム1部)(平日) + 宿泊1部(平日)",21600,"休憩(サービスタイム1部) + 宿泊1部"
10:30,10.5,23.5,○,21600,"休憩(サービスタイム1部)(平日) + 宿泊1部(平日)",21600,"休憩(サービスタイム1部) + 宿泊1部"
10:30,10.5,24,○,21600,"休憩(サービスタイム1部)(平日) + 宿泊1部(平日)",21600,"休憩(サービスタイム1部) + 宿泊1部"
11:00,11,0.5,○,6000,"ショート",6000,"ショート"
11:00,11,1,○,6000,"ショート",6000,"ショート"
11:00,11,1.5,○,6000,"ショート",6000,"ショート"
11:00,11,2,○,7400,"ショート + 延長1本",7400,"ショート + 延長1本"
11:00,11,2.5,○,7800,"休憩(サービスタイム2部)(平日)",7800,"休憩(M時間)"
11:00,11,3,○,7800,"休憩(サービスタイム2部)(平日)",7800,"休憩(M時間)"
11:00,11,3.5,○,7800,"休憩(サービスタイム2部)(平日)",7800,"休憩(M時間)"
11:00,11,4,○,7800,"休憩(サービスタイム2部)(平日)",7800,"休憩(M時間)"
11:00,11,4.5,○,7800,"休憩(サービスタイム2部)(平日)",7800,"休憩(M時間)"
11:00,11,5,○,7800,"休憩(サービスタイム2部)(平日)",7800,"休憩(M時間)"
11:00,11,5.5,○,7800,"休憩(サービスタイム2部)(平日)",7800,"休憩(サービスタイム1部)"
11:00,11,6,○,7800,"休憩(サービスタイム2部)(平日)",7800,"休憩(サービスタイム1部)"
11:00,11,6.5,○,7800,"休憩(サービスタイム2部)(平日)",7800,"休憩(サービスタイム1部)"
11:00,11,7,○,7800,"休憩(サービスタイム2部)(平日)",7800,"休憩(サービスタイム1部)"
11:00,11,7.5,○,7800,"休憩(サービスタイム2部)(平日)",7800,"休憩(サービスタイム2部)"
11:00,11,8,○,7800,"休憩(サービスタイム2部)(平日)",7800,"休憩(サービスタイム2部)"
11:00,11,8.5,○,7800,"休憩(サービスタイム2部)(平日)",7800,"休憩(サービスタイム2部)"
11:00,11,9,○,7800,"休憩(サービスタイム2部)(平日)",7800,"休憩(サービスタイム2部)"
11:00,11,9.5,○,9200,"休憩(サービスタイム2部)(平日) + 延長1本",9200,"休憩(サービスタイム2部) + 延長1本"
11:00,11,10,○,10600,"休憩(サービスタイム2部)(平日) + 延長2本",10600,"休憩(サービスタイム2部) + 延長2本"
11:00,11,10.5,○,12000,"休憩(サービスタイム2部)(平日) + 延長3本",12000,"休憩(サービスタイム2部) + 延長3本"
11:00,11,11,○,13400,"休憩(サービスタイム2部)(平日) + 延長4本",13400,"休憩(サービスタイム2部) + 延長4本"
11:00,11,11.5,○,14800,"休憩(サービスタイム2部)(平日) + 延長5本",14800,"休憩(サービスタイム2部) + 延長5本"
11:00,11,12,○,15600,"休憩(サービスタイム2部)(平日) + 休憩(5時間)",15600,"休憩(M時間) + 休憩(サービスタイム3部)"
11:00,11,12.5,○,15600,"休憩(サービスタイム2部)(平日) + 休憩(5時間)",15600,"休憩(サービスタイム2部) + 休憩(M時間)"
11:00,11,13,○,15600,"休憩(サービスタイム2部)(平日) + 休憩(5時間)",15600,"休憩(サービスタイム2部) + 休憩(M時間)"
11:00,11,13.5,○,15600,"休憩(サービスタイム2部)(平日) + 休憩(5時間)",15600,"休憩(サービスタイム2部) + 休憩(M時間)"
11:00,11,14,○,15600,"休憩(サービスタイム2部)(平日) + 休憩(5時間)",15600,"休憩(サービスタイム2部) + 休憩(M時間)"
11:00,11,14.5,○,17000,"休憩(サービスタイム2部)(平日) + 休憩(5時間)+ 延長1本",17000,"休憩(サービスタイム2部) + 延長1本 + 休憩(M時間)"
11:00,11,15,○,18400,"休憩(サービスタイム2部)(平日) + 休憩(5時間)+ 延長2本",18400,"休憩(サービスタイム2部) + 延長2本 + 休憩(M時間)"
11:00,11,15.5,×,21600,"休憩(サービスタイム1部)(平日) + 宿泊1部(平日)",19800,"休憩(サービスタイム2部) + 延長2本 + 休憩(M時間) + 延長1本"
11:00,11,16,×,21600,"休憩(サービスタイム1部)(平日) + 宿泊1部(平日)",21200,"休憩(サービスタイム2部) + 延長2本 + 休憩(M時間) + 延長2本"
11:00,11,16.5,○,21600,"休憩(サービスタイム1部)(平日) + 宿泊1部(平日)",21600,"休憩(サービスタイム1部) + 宿泊1部"
11:00,11,17,○,21600,"休憩(サービスタイム1部)(平日) + 宿泊1部(平日)",21600,"休憩(サービスタイム1部) + 宿泊1部"
11:00,11,17.5,○,21600,"休憩(サービスタイム1部)(平日) + 宿泊1部(平日)",21600,"休憩(サービスタイム1部) + 宿泊1部"
11:00,11,18,○,21600,"休憩(サービスタイム1部)(平日) + 宿泊1部(平日)",21600,"休憩(サービスタイム1部) + 宿泊1部"
11:00,11,18.5,○,21600,"休憩(サービスタイム1部)(平日) + 宿泊1部(平日)",21600,"休憩(サービスタイム1部) + 宿泊1部"
11:00,11,19,○,21600,"休憩(サービスタイム1部)(平日) + 宿泊1部(平日)",21600,"休憩(サービスタイム1部) + 宿泊1部"
11:00,11,19.5,○,21600,"休憩(サービスタイム1部)(平日) + 宿泊1部(平日)",21600,"休憩(サービスタイム1部) + 宿泊1部"
11:00,11,20,○,21600,"休憩(サービスタイム1部)(平日) + 宿泊1部(平日)",21600,"休憩(サービスタイム1部) + 宿泊1部"
11:00,11,20.5,○,21600,"休憩(サービスタイム1部)(平日) + 宿泊1部(平日)",21600,"休憩(サービスタイム1部) + 宿泊1部"
11:00,11,21,○,21600,"休憩(サービスタイム1部)(平日) + 宿泊1部(平日)",21600,"休憩(サービスタイム1部) + 宿泊1部"
11:00,11,21.5,○,21600,"休憩(サービスタイム1部)(平日) + 宿泊1部(平日)",21600,"休憩(サービスタイム1部) + 宿泊1部"
11:00,11,22,○,21600,"休憩(サービスタイム1部)(平日) + 宿泊1部(平日)",21600,"休憩(サービスタイム1部) + 宿泊1部"
11:00,11,22.5,○,21600,"休憩(サービスタイム1部)(平日) + 宿泊1部(平日)",21600,"休憩(サービスタイム1部) + 宿泊1部"
11:00,11,23,○,21600,"休憩(サービスタイム1部)(平日) + 宿泊1部(平日)",21600,"休憩(サービスタイム1部) + 宿泊1部"
11:00,11,23.5,○,21600,"休憩(サービスタイム1部)(平日) + 宿泊1部(平日)",21600,"休憩(サービスタイム1部) + 宿泊1部"
11:00,11,24,○,21600,"休憩(サービスタイム1部)(平日) + 宿泊1部(平日)",21600,"休憩(サービスタイム1部) + 宿泊1部"
11:30,11.5,0.5,○,6000,"ショート",6000,"ショート"
11:30,11.5,1,○,6000,"ショート",6000,"ショート"
11:30,11.5,1.5,○,6000,"ショート",6000,"ショート"
11:30,11.5,2,○,7400,"ショート + 延長1本",7400,"ショート + 延長1本"
11:30,11.5,2.5,○,7800,"休憩(サービスタイム2部)(平日)",7800,"休憩(M時間)"
11:30,11.5,3,○,7800,"休憩(サービスタイム2部)(平日)",7800,"休憩(M時間)"
11:30,11.5,3.5,○,7800,"休憩(サービスタイム2部)(平日)",7800,"休憩(M時間)"
11:30,11.5,4,○,7800,"休憩(サービスタイム2部)(平日)",7800,"休憩(M時間)"
11:30,11.5,4.5,○,7800,"休憩(サービスタイム2部)(平日)",7800,"休憩(M時間)"
11:30,11.5,5,○,7800,"休憩(サービスタイム2部)(平日)",7800,"休憩(M時間)"
11:30,11.5,5.5,○,7800,"休憩(サービスタイム2部)(平日)",7800,"休憩(サービスタイム1部)"
11:30,11.5,6,○,7800,"休憩(サービスタイム2部)(平日)",7800,"休憩(サービスタイム1部)"
11:30,11.5,6.5,○,7800,"休憩(サービスタイム2部)(平日)",7800,"休憩(サービスタイム1部)"
11:30,11.5,7,○,7800,"休憩(サービスタイム2部)(平日)",7800,"休憩(サービスタイム2部)"
11:30,11.5,7.5,○,7800,"休憩(サービスタイム2部)(平日)",7800,"休憩(サービスタイム2部)"
11:30,11.5,8,○,7800,"休憩(サービスタイム2部)(平日)",7800,"休憩(サービスタイム2部)"
11:30,11.5,8.5,○,7800,"休憩(サービスタイム2部)(平日)",7800,"休憩(サービスタイム2部)"
11:30,11.5,9,○,9200,"休憩(サービスタイム2部)(平日) + 延長1本",9200,"休憩(サービスタイム2部) + 延長1本"
11:30,11.5,9.5,○,10600,"休憩(サービスタイム2部)(平日) + 延長2本",10600,"休憩(サービスタイム2部) + 延長2本"
11:30,11.5,10,○,12000,"休憩(サービスタイム2部)(平日) + 延長3本",12000,"休憩(サービスタイム2部) + 延長3本"
11:30,11.5,10.5,○,13400,"休憩(サービスタイム2部)(平日) + 延長4本",13400,"休憩(サービスタイム2部) + 延長4本"
11:30,11.5,11,○,14800,"前延長5本 + 休憩(サービスタイム3部)(平日)",14800,"前延長5本 + 休憩(サービスタイム3部)"
11:30,11.5,11.5,○,14800,"前延長5本 + 休憩(サービスタイム3部)(平日)",14800,"前延長5本 + 休憩(サービスタイム3部)"
11:30,11.5,12,○,15600,"休憩(サービスタイム2部)(平日) + 休憩(5時間)",15600,"休憩(サービスタイム2部) + 休憩(M時間)"
11:30,11.5,12.5,○,15600,"休憩(サービスタイム2部)(平日) + 休憩(5時間)",15600,"休憩(サービスタイム2部) + 休憩(M時間)"
11:30,11.5,13,○,15600,"休憩(サービスタイム2部)(平日) + 休憩(5時間)",15600,"休憩(サービスタイム2部) + 休憩(M時間)"
11:30,11.5,13.5,○,15600,"休憩(サービスタイム2部)(平日) + 休憩(5時間)",15600,"休憩(サービスタイム2部) + 休憩(M時間)"
11:30,11.5,14,○,17000,"休憩(サービスタイム2部)(平日) + 休憩(5時間)+ 延長1本",17000,"休憩(サービスタイム2部) + 延長1本 + 休憩(M時間)"
11:30,11.5,14.5,○,18400,"休憩(サービスタイム2部)(平日) + 休憩(5時間)+ 延長2本",18400,"休憩(サービスタイム2部) + 延長2本 + 休憩(M時間)"
11:30,11.5,15,×,21600,"休憩(サービスタイム1部)(平日) + 宿泊1部(平日)",19800,"休憩(サービスタイム2部) + 延長2本 + 休憩(M時間) + 延長1本"
11:30,11.5,15.5,×,21600,"休憩(サービスタイム1部)(平日) + 宿泊1部(平日)",21200,"休憩(サービスタイム2部) + 延長2本 + 休憩(M時間) + 延長2本"
11:30,11.5,16,○,21600,"休憩(サービスタイム1部)(平日) + 宿泊1部(平日)",21600,"休憩(サービスタイム1部) + 宿泊1部"
11:30,11.5,16.5,○,21600,"休憩(サービスタイム1部)(平日) + 宿泊1部(平日)",21600,"休憩(サービスタイム1部) + 宿泊1部"
11:30,11.5,17,○,21600,"休憩(サービスタイム1部)(平日) + 宿泊1部(平日)",21600,"休憩(サービスタイム1部) + 宿泊1部"
11:30,11.5,17.5,○,21600,"休憩(サービスタイム1部)(平日) + 宿泊1部(平日)",21600,"休憩(サービスタイム1部) + 宿泊1部"
11:30,11.5,18,○,21600,"休憩(サービスタイム1部)(平日) + 宿泊1部(平日)",21600,"休憩(サービスタイム1部) + 宿泊1部"
11:30,11.5,18.5,○,21600,"休憩(サービスタイム1部)(平日) + 宿泊1部(平日)",21600,"休憩(サービスタイム1部) + 宿泊1部"
11:30,11.5,19,○,21600,"休憩(サービスタイム1部)(平日) + 宿泊1部(平日)",21600,"休憩(サービスタイム1部) + 宿泊1部"
11:30,11.5,19.5,○,21600,"休憩(サービスタイム1部)(平日) + 宿泊1部(平日)",21600,"休憩(サービスタイム1部) + 宿泊1部"
11:30,11.5,20,○,21600,"休憩(サービスタイム1部)(平日) + 宿泊1部(平日)",21600,"休憩(サービスタイム1部) + 宿泊1部"
11:30,11.5,20.5,○,21600,"休憩(サービスタイム1部)(平日) + 宿泊1部(平日)",21600,"休憩(サービスタイム1部) + 宿泊1部"
11:30,11.5,21,○,21600,"休憩(サービスタイム1部)(平日) + 宿泊1部(平日)",21600,"休憩(サービスタイム1部) + 宿泊1部"
11:30,11.5,21.5,○,21600,"休憩(サービスタイム1部)(平日) + 宿泊1部(平日)",21600,"休憩(サービスタイム1部) + 宿泊1部"
11:30,11.5,22,○,21600,"休憩(サービスタイム1部)(平日) + 宿泊1部(平日)",21600,"休憩(サービスタイム1部) + 宿泊1部"
11:30,11.5,22.5,○,21600,"休憩(サービスタイム1部)(平日) + 宿泊1部(平日)",21600,"休憩(サービスタイム1部) + 宿泊1部"
11:30,11.5,23,○,21600,"休憩(サービスタイム1部)(平日) + 宿泊1部(平日)",21600,"休憩(サービスタイム1部) + 宿泊1部"
11:30,11.5,23.5,○,21600,"休憩(サービスタイム1部)(平日) + 宿泊1部(平日)",21600,"休憩(サービスタイム1部) + 宿泊1部"
11:30,11.5,24,○,21600,"休憩(サービスタイム1部)(平日) + 宿泊1部(平日)",21600,"休憩(サービスタイム1部) + 宿泊1部"
12:00,12,0.5,○,6000,"ショート",6000,"ショート"
12:00,12,1,○,6000,"ショート",6000,"ショート"
12:00,12,1.5,○,6000,"ショート",6000,"ショート"
12:00,12,2,○,7400,"ショート + 延長1本",7400,"ショート + 延長1本"
12:00,12,2.5,○,7800,"休憩(サービスタイム2部)(平日)",7800,"休憩(M時間)"
12:00,12,3,○,7800,"休憩(サービスタイム2部)(平日)",7800,"休憩(M時間)"
12:00,12,3.5,○,7800,"休憩(サービスタイム2部)(平日)",7800,"休憩(M時間)"
12:00,12,4,○,7800,"休憩(サービスタイム2部)(平日)",7800,"休憩(M時間)"
12:00,12,4.5,○,7800,"休憩(サービスタイム2部)(平日)",7800,"休憩(M時間)"
12:00,12,5,○,7800,"休憩(サービスタイム2部)(平日)",7800,"休憩(M時間)"
12:00,12,5.5,○,7800,"休憩(サービスタイム2部)(平日)",7800,"休憩(サービスタイム1部)"
12:00,12,6,○,7800,"休憩(サービスタイム2部)(平日)",7800,"休憩(サービスタイム1部)"
12:00,12,6.5,○,7800,"休憩(サービスタイム2部)(平日)",7800,"休憩(サービスタイム2部)"
12:00,12,7,○,7800,"休憩(サービスタイム2部)(平日)",7800,"休憩(サービスタイム2部)"
12:00,12,7.5,○,7800,"休憩(サービスタイム2部)(平日)",7800,"休憩(サービスタイム2部)"
12:00,12,8,○,7800,"休憩(サービスタイム2部)(平日)",7800,"休憩(サービスタイム2部)"
12:00,12,8.5,○,9200,"休憩(サービスタイム2部)(平日) + 延長1本",9200,"休憩(サービスタイム2部) + 延長1本"
12:00,12,9,○,10600,"休憩(サービスタイム2部)(平日) + 延長2本",10600,"休憩(サービスタイム2部) + 延長2本"
12:00,12,9.5,○,12000,"休憩(サービスタイム2部)(平日) + 延長3本",12000,"休憩(サービスタイム2部) + 延長3本"
12:00,12,10,○,13400,"前延長4本 + 休憩(サービスタイム3部)(平日)",13400,"前延長4本 + 休憩(サービスタイム3部)"
12:00,12,10.5,○,13400,"前延長4本 + 休憩(サービスタイム3部)(平日)",13400,"前延長4本 + 休憩(サービスタイム3部)"
12:00,12,11,○,13400,"前延長4本 + 休憩(サービスタイム3部)(平日)",13400,"前延長4本 + 休憩(サービスタイム3部)"
12:00,12,11.5,○,14800,"前延長4本 + 休憩(サービスタイム3部)(平日) + 延長 1本",14800,"前延長4本 + 休憩(サービスタイム3部) + 延長1本"
12:00,12,12,○,15600,"休憩(サービスタイム2部)(平日) + 休憩(5時間)",15600,"休憩(サービスタイム2部) + 休憩(M時間)"
12:00,12,12.5,○,15600,"休憩(サービスタイム2部)(平日) + 休憩(5時間)",15600,"休憩(サービスタイム2部) + 休憩(M時間)"
12:00,12,13,○,15600,"休憩(サービスタイム2部)(平日) + 休憩(5時間)",15600,"休憩(サービスタイム2部) + 休憩(M時間)"
12:00,12,13.5,○,17000,"休憩(サービスタイム2部)(平日) + 休憩(5時間)+ 延長1本",17000,"休憩(サービスタイム2部) + 延長1本 + 休憩(M時間)"
12:00,12,14,○,18400,"休憩(サービスタイム2部)(平日) + 休憩(5時間)+ 延長2本",18400,"休憩(サービスタイム2部) + 延長2本 + 休憩(M時間)"
12:00,12,14.5,×,21600,"休憩(サービスタイム1部)(平日) + 宿泊1部(平日)",19800,"休憩(サービスタイム2部) + 延長2本 + 休憩(M時間) + 延長1本"
12:00,12,15,×,21600,"休憩(サービスタイム1部)(平日) + 宿泊1部(平日)",21200,"休憩(サービスタイム2部) + 延長2本 + 休憩(M時間) + 延長2本"
12:00,12,15.5,○,21600,"休憩(サービスタイム1部)(平日) + 宿泊1部(平日)",21600,"休憩(サービスタイム1部) + 宿泊1部"
12:00,12,16,○,21600,"休憩(サービスタイム1部)(平日) + 宿泊1部(平日)",21600,"休憩(サービスタイム1部) + 宿泊1部"
12:00,12,16.5,○,21600,"休憩(サービスタイム1部)(平日) + 宿泊1部(平日)",21600,"休憩(サービスタイム1部) + 宿泊1部"
12:00,12,17,○,21600,"休憩(サービスタイム1部)(平日) + 宿泊1部(平日)",21600,"休憩(サービスタイム1部) + 宿泊1部"
12:00,12,17.5,○,21600,"休憩(サービスタイム1部)(平日) + 宿泊1部(平日)",21600,"休憩(サービスタイム1部) + 宿泊1部"
12:00,12,18,○,21600,"休憩(サービスタイム1部)(平日) + 宿泊1部(平日)",21600,"休憩(サービスタイム1部) + 宿泊1部"
12:00,12,18.5,○,21600,"休憩(サービスタイム1部)(平日) + 宿泊1部(平日)",21600,"休憩(サービスタイム1部) + 宿泊1部"
12:00,12,19,○,21600,"休憩(サービスタイム1部)(平日) + 宿泊1部(平日)",21600,"休憩(サービスタイム1部) + 宿泊1部"
12:00,12,19.5,○,21600,"休憩(サービスタイム1部)(平日) + 宿泊1部(平日)",21600,"休憩(サービスタイム1部) + 宿泊1部"
12:00,12,20,○,21600,"休憩(サービスタイム1部)(平日) + 宿泊1部(平日)",21600,"休憩(サービスタイム1部) + 宿泊1部"
12:00,12,20.5,○,21600,"休憩(サービスタイム1部)(平日) + 宿泊1部(平日)",21600,"休憩(サービスタイム1部) + 宿泊1部"
12:00,12,21,○,21600,"休憩(サービスタイム1部)(平日) + 宿泊1部(平日)",21600,"休憩(サービスタイム1部) + 宿泊1部"
12:00,12,21.5,○,21600,"休憩(サービスタイム1部)(平日) + 宿泊1部(平日)",21600,"休憩(サービスタイム1部) + 宿泊1部"
12:00,12,22,○,21600,"休憩(サービスタイム1部)(平日) + 宿泊1部(平日)",21600,"休憩(サービスタイム1部) + 宿泊1部"
12:00,12,22.5,○,21600,"休憩(サービスタイム1部)(平日) + 宿泊1部(平日)",21600,"休憩(サービスタイム1部) + 宿泊1部"
12:00,12,23,○,21600,"休憩(サービスタイム1部)(平日) + 宿泊1部(平日)",21600,"休憩(サービスタイム1部) + 宿泊1部"
12:00,12,23.5,○,21600,"休憩(サービスタイム1部)(平日) + 宿泊1部(平日)",21600,"休憩(サービスタイム1部) + 宿泊1部"
12:00,12,24,○,21600,"休憩(サービスタイム1部)(平日) + 宿泊1部(平日)",21600,"休憩(サービスタイム1部) + 宿泊1部"
12:30,12.5,0.5,○,6000,"ショート",6000,"ショート"
12:30,12.5,1,○,6000,"ショート",6000,"ショート"
12:30,12.5,1.5,○,6000,"ショート",6000,"ショート"
12:30,12.5,2,○,7400,"ショート + 延長1本",7400,"ショート + 延長1本"
12:30,12.5,2.5,○,7800,"休憩(サービスタイム2部)(平日)",7800,"休憩(M時間)"
12:30,12.5,3,○,7800,"休憩(サービスタイム2部)(平日)",7800,"休憩(M時間)"
12:30,12.5,3.5,○,7800,"休憩(サービスタイム2部)(平日)",7800,"休憩(M時間)"
12:30,12.5,4,○,7800,"休憩(サービスタイム2部)(平日)",7800,"休憩(M時間)"
12:30,12.5,4.5,○,7800,"休憩(サービスタイム2部)(平日)",7800,"休憩(M時間)"
12:30,12.5,5,○,7800,"休憩(サービスタイム2部)(平日)",7800,"休憩(M時間)"
12:30,12.5,5.5,○,7800,"休憩(サービスタイム2部)(平日)",7800,"休憩(サービスタイム1部)"
12:30,12.5,6,○,7800,"休憩(サービスタイム2部)(平日)",7800,"休憩(サービスタイム2部)"
12:30,12.5,6.5,○,7800,"休憩(サービスタイム2部)(平日)",7800,"休憩(サービスタイム2部)"
12:30,12.5,7,○,7800,"休憩(サービスタイム2部)(平日)",7800,"休憩(サービスタイム2部)"
12:30,12.5,7.5,○,7800,"休憩(サービスタイム2部)(平日)",7800,"休憩(サービスタイム2部)"
12:30,12.5,8,○,9200,"休憩(サービスタイム2部)(平日) + 延長1本",9200,"休憩(サービスタイム2部) + 延長1本"
12:30,12.5,8.5,○,10600,"休憩(サービスタイム2部)(平日) + 延長2本",10600,"休憩(サービスタイム2部) + 延長2本"
12:30,12.5,9,○,12000,"前延長3本 + 休憩(サービスタイム3部)(平日)",12000,"前延長3本 + 休憩(サービスタイム3部)"
12:30,12.5,9.5,○,12000,"前延長3本 + 休憩(サービスタイム3部)(平日)",12000,"前延長3本 + 休憩(サービスタイム3部)"
12:30,12.5,10,○,12000,"前延長3本 + 休憩(サービスタイム3部)(平日)",12000,"前延長3本 + 休憩(サービスタイム3部)"
12:30,12.5,10.5,○,12000,"前延長3本 + 休憩(サービスタイム3部)(平日)",12000,"前延長3本 + 休憩(サービスタイム3部)"
12:30,12.5,11,○,13400,"前延長3本 + 休憩(サービスタイム3部)(平日) + 延長 1本",13400,"前延長3本 + 休憩(サービスタイム3部) + 延長1本"
12:30,12.5,11.5,○,14800,"前延長3本 + 休憩(サービスタイム3部)(平日) + 延長 2本",14800,"前延長3本 + 休憩(サービスタイム3部) + 延長2本"
12:30,12.5,12,○,15600,"休憩(サービスタイム2部)(平日) + 休憩(5時間)",15600,"休憩(サービスタイム2部) + 休憩(M時間)"
12:30,12.5,12.5,○,15600,"休憩(サービスタイム2部)(平日) + 休憩(5時間)",15600,"休憩(サービスタイム2部) + 休憩(M時間)"
12:30,12.5,13,○,17000,"休憩(サービスタイム2部)(平日) + 休憩(5時間)+ 延長1本",17000,"休憩(サービスタイム2部) + 延長1本 + 休憩(M時間)"
12:30,12.5,13.5,○,18400,"休憩(サービスタイム2部)(平日) + 休憩(5時間)+ 延長2本",18400,"休憩(サービスタイム2部) + 延長2本 + 休憩(M時間)"
12:30,12.5,14,×,21600,"休憩(サービスタイム1部)(平日) + 宿泊1部(平日)",19800,"休憩(サービスタイム2部) + 延長2本 + 休憩(M時間) + 延長1本"
12:30,12.5,14.5,×,21600,"休憩(サービスタイム1部)(平日) + 宿泊1部(平日)",21200,"休憩(サービスタイム2部) + 延長2本 + 休憩(M時間) + 延長2本"
12:30,12.5,15,○,21600,"休憩(サービスタイム1部)(平日) + 宿泊1部(平日)",21600,"休憩(サービスタイム1部) + 宿泊1部"
12:30,12.5,15.5,○,21600,"休憩(サービスタイム1部)(平日) + 宿泊1部(平日)",21600,"休憩(サービスタイム1部) + 宿泊1部"
12:30,12.5,16,○,21600,"休憩(サービスタイム1部)(平日) + 宿泊1部(平日)",21600,"休憩(サービスタイム1部) + 宿泊1部"
12:30,12.5,16.5,○,21600,"休憩(サービスタイム1部)(平日) + 宿泊1部(平日)",21600,"休憩(サービスタイム1部) + 宿泊1部"
12:30,12.5,17,○,21600,"休憩(サービスタイム1部)(平日) + 宿泊1部(平日)",21600,"休憩(サービスタイム1部) + 宿泊1部"
12:30,12.5,17.5,○,21600,"休憩(サービスタイム1部)(平日) + 宿泊1部(平日)",21600,"休憩(サービスタイム1部) + 宿泊1部"
12:30,12.5,18,○,21600,"休憩(サービスタイム1部)(平日) + 宿泊1部(平日)",21600,"休憩(サービスタイム1部) + 宿泊1部"
12:30,12.5,18.5,○,21600,"休憩(サービスタイム1部)(平日) + 宿泊1部(平日)",21600,"休憩(サービスタイム1部) + 宿泊1部"
12:30,12.5,19,○,21600,"休憩(サービスタイム1部)(平日) + 宿泊1部(平日)",21600,"休憩(サービスタイム1部) + 宿泊1部"
12:30,12.5,19.5,○,21600,"休憩(サービスタイム1部)(平日) + 宿泊1部(平日)",21600,"休憩(サービスタイム1部) + 宿泊1部"
12:30,12.5,20,○,21600,"休憩(サービスタイム1部)(平日) + 宿泊1部(平日)",21600,"休憩(サービスタイム1部) + 宿泊1部"
12:30,12.5,20.5,○,21600,"休憩(サービスタイム1部)(平日) + 宿泊1部(平日)",21600,"休憩(サービスタイム1部) + 宿泊1部"
12:30,12.5,21,○,21600,"休憩(サービスタイム1部)(平日) + 宿泊1部(平日)",21600,"休憩(サービスタイム1部) + 宿泊1部"
12:30,12.5,21.5,○,21600,"休憩(サービスタイム1部)(平日) + 宿泊1部(平日)",21600,"休憩(サービスタイム1部) + 宿泊1部"
12:30,12.5,22,○,21600,"休憩(サービスタイム1部)(平日) + 宿泊1部(平日)",21600,"休憩(サービスタイム1部) + 宿泊1部"
12:30,12.5,22.5,○,21600,"休憩(サービスタイム1部)(平日) + 宿泊1部(平日)",21600,"休憩(サービスタイム1部) + 宿泊1部"
12:30,12.5,23,○,21600,"休憩(サービスタイム1部)(平日) + 宿泊1部(平日)",21600,"休憩(サービスタイム1部) + 宿泊1部"
12:30,12.5,23.5,○,21600,"休憩(サービスタイム1部)(平日) + 宿泊1部(平日)",21600,"休憩(サービスタイム1部) + 宿泊1部"
12:30,12.5,24,○,23000,"休憩(サービスタイム1部)(平日) + 宿泊1部(平日)+ 延長1本",23000,"休憩(サービスタイム1部) + 宿泊1部 + 延長1本"
13:00,13,0.5,○,6000,"ショート",6000,"ショート"
13:00,13,1,○,6000,"ショート",6000,"ショート"
13:00,13,1.5,○,6000,"ショート",6000,"ショート"
13:00,13,2,○,7400,"ショート + 延長1本",7400,"ショート + 延長1本"
13:00,13,2.5,○,7800,"休憩(サービスタイム2部)(平日)",7800,"休憩(M時間)"
13:00,13,3,○,7800,"休憩(サービスタイム2部)(平日)",7800,"休憩(M時間)"
13:00,13,3.5,○,7800,"休憩(サービスタイム2部)(平日)",7800,"休憩(M時間)"
13:00,13,4,○,7800,"休憩(サービスタイム2部)(平日)",7800,"休憩(M時間)"
13:00,13,4.5,○,7800,"休憩(サービスタイム2部)(平日)",7800,"休憩(M時間)"
13:00,13,5,○,7800,"休憩(サービスタイム2部)(平日)",7800,"休憩(M時間)"
13:00,13,5.5,○,7800,"休憩(サービスタイム2部)(平日)",7800,"休憩(サービスタイム2部)"
13:00,13,6,○,7800,"休憩(サービスタイム2部)(平日)",7800,"休憩(サービスタイム2部)"
13:00,13,6.5,○,7800,"休憩(サービスタイム2部)(平日)",7800,"休憩(サービスタイム2部)"
13:00,13,7,○,7800,"休憩(サービスタイム2部)(平日)",7800,"休憩(サービスタイム2部)"
13:00,13,7.5,○,9200,"休憩(サービスタイム2部)(平日) + 延長1本",9200,"休憩(サービスタイム2部) + 延長1本"
13:00,13,8,○,10600,"前延長2本 + 休憩(サービスタイム3部)(平日)",10600,"前延長2本 + 休憩(サービスタイム3部)"
13:00,13,8.5,○,10600,"前延長2本 + 休憩(サービスタイム3部)(平日)",10600,"前延長2本 + 休憩(サービスタイム3部)"
13:00,13,9,○,10600,"前延長2本 + 休憩(サービスタイム3部)(平日)",10600,"前延長2本 + 休憩(サービスタイム3部)"
13:00,13,9.5,○,10600,"前延長2本 + 休憩(サービスタイム3部)(平日)",10600,"前延長2本 + 休憩(サービスタイム3部)"
13:00,13,10,○,10600,"前延長2本 + 休憩(サービスタイム3部)(平日)",10600,"前延長2本 + 休憩(サービスタイム3部)"
13:00,13,10.5,○,12000,"前延長2本 + 休憩(サービスタイム3部)(平日) + 延長 1本",12000,"前延長2本 + 休憩(サービスタイム3部) + 延長1本"
13:00,13,11,○,13400,"前延長2本 + 休憩(サービスタイム3部)(平日) + 延長 2本",13400,"前延長2本 + 休憩(サービスタイム3部) + 延長2本"
13:00,13,11.5,○,14800,"前延長2本 + 休憩(サービスタイム3部)(平日) + 延長 3本",14800,"前延長2本 + 休憩(サービスタイム3部) + 延長3本"
13:00,13,12,○,15600,"休憩(サービスタイム2部)(平日) + 休憩(5時間)",15600,"休憩(サービスタイム2部) + 休憩(M時間)"
13:00,13,12.5,○,17000,"休憩(サービスタイム2部)(平日) + 休憩(5時間)+ 延長1本",17000,"休憩(サービスタイム2部) + 延長1本 + 休憩(M時間)"
13:00,13,13,○,18400,"休憩(サービスタイム2部)(平日) + 休憩(5時間)+ 延長2本",18400,"前延長2本 + 休憩(サービスタイム3部) + 休憩(M時間)"
13:00,13,13.5,×,21600,"休憩(5時間)(平日) + 宿泊1部(平日)",19800,"前延長2本 + 休憩(サービスタイム3部) + 休憩(M時間) + 延長1本"
13:00,13,14,×,21600,"休憩(5時間)(平日) + 宿泊1部(平日)",21200,"前延長2本 + 休憩(サービスタイム3部) + 休憩(M時間) + 延長2本"
13:00,13,14.5,○,21600,"休憩(5時間)(平日) + 宿泊1部(平日)",21600,"休憩(M時間) + 宿泊1部"
13:00,13,15,○,21600,"休憩(5時間)(平日) + 宿泊1部(平日)",21600,"休憩(M時間) + 宿泊1部"
13:00,13,15.5,○,21600,"休憩(5時間)(平日) + 宿泊1部(平日)",21600,"休憩(M時間) + 宿泊1部"
13:00,13,16,○,21600,"休憩(5時間)(平日) + 宿泊1部(平日)",21600,"休憩(M時間) + 宿泊1部"
13:00,13,16.5,○,21600,"休憩(5時間)(平日) + 宿泊1部(平日)",21600,"休憩(M時間) + 宿泊1部"
13:00,13,17,○,21600,"休憩(5時間)(平日) + 宿泊1部(平日)",21600,"休憩(M時間) + 宿泊1部"
13:00,13,17.5,○,21600,"休憩(5時間)(平日) + 宿泊1部(平日)",21600,"休憩(M時間) + 宿泊1部"
13:00,13,18,○,21600,"休憩(5時間)(平日) + 宿泊1部(平日)",21600,"休憩(M時間) + 宿泊1部"
13:00,13,18.5,○,21600,"休憩(5時間)(平日) + 宿泊1部(平日)",21600,"休憩(M時間) + 宿泊1部"
13:00,13,19,○,21600,"休憩(5時間)(平日) + 宿泊1部(平日)",21600,"休憩(M時間) + 宿泊1部"
13:00,13,19.5,○,21600,"休憩(5時間)(平日) + 宿泊1部(平日)",21600,"休憩(M時間) + 宿泊1部"
13:00,13,20,○,21600,"休憩(5時間)(平日) + 宿泊1部(平日)",21600,"休憩(M時間) + 宿泊1部"
13:00,13,20.5,○,21600,"休憩(5時間)(平日) + 宿泊1部(平日)",21600,"休憩(M時間) + 宿泊1部"
13:00,13,21,○,21600,"休憩(5時間)(平日) + 宿泊1部(平日)",21600,"休憩(M時間) + 宿泊1部"
13:00,13,21.5,○,21600,"休憩(5時間)(平日) + 宿泊1部(平日)",21600,"休憩(M時間) + 宿泊1部"
13:00,13,22,○,21600,"休憩(5時間)(平日) + 宿泊1部(平日)",21600,"休憩(M時間) + 宿泊1部"
13:00,13,22.5,○,21600,"休憩(5時間)(平日) + 宿泊1部(平日)",21600,"休憩(M時間) + 宿泊1部"
13:00,13,23,○,21600,"休憩(5時間)(平日) + 宿泊1部(平日)",21600,"休憩(M時間) + 宿泊1部"
13:00,13,23.5,○,23000,"休憩(5時間)(平日) + 宿泊1部(平日)+ 延長1本",23000,"休憩(M時間) + 宿泊1部 + 延長1本"
13:00,13,24,○,24400,"休憩(5時間)(平日) + 宿泊1部(平日)+ 延長2本",24400,"前延長2本 + 休憩(サービスタイム3部) + 宿泊2部"
13:30,13.5,0.5,○,6000,"ショート",6000,"ショート"
13:30,13.5,1,○,6000,"ショート",6000,"ショート"
13:30,13.5,1.5,○,6000,"ショート",6000,"ショート"
13:30,13.5,2,○,7400,"ショート + 延長1本",7400,"ショート + 延長1本"
13:30,13.5,2.5,○,7800,"休憩(サービスタイム2部)(平日)",7800,"休憩(M時間)"
13:30,13.5,3,○,7800,"休憩(サービスタイム2部)(平日)",7800,"休憩(M時間)"
13:30,13.5,3.5,○,7800,"休憩(サービスタイム2部)(平日)",7800,"休憩(M時間)"
13:30,13.5,4,○,7800,"休憩(サービスタイム2部)(平日)",7800,"休憩(M時間)"
13:30,13.5,4.5,○,7800,"休憩(サービスタイム2部)(平日)",7800,"休憩(M時間)"
13:30,13.5,5,○,7800,"休憩(サービスタイム2部)(平日)",7800,"休憩(M時間)"
13:30,13.5,5.5,○,7800,"休憩(サービスタイム2部)(平日)",7800,"休憩(サービスタイム2部)"
13:30,13.5,6,○,7800,"休憩(サービスタイム2部)(平日)",7800,"休憩(サービスタイム2部)"
13:30,13.5,6.5,○,7800,"休憩(サービスタイム2部)(平日)",7800,"休憩(サービスタイム2部)"
13:30,13.5,7,○,9200,"前延長1本 + 休憩(サービスタイム3部)(平日)",9200,"前延長1本 + 休憩(サービスタイム3部)"
13:30,13.5,7.5,○,9200,"前延長1本 + 休憩(サービスタイム3部)(平日)",9200,"前延長1本 + 休憩(サービスタイム3部)"
13:30,13.5,8,○,9200,"前延長1本 + 休憩(サービスタイム3部)(平日)",9200,"前延長1本 + 休憩(サービスタイム3部)"
13:30,13.5,8.5,○,9200,"前延長1本 + 休憩(サービスタイム3部)(平日)",9200,"前延長1本 + 休憩(サービスタイム3部)"
13:30,13.5,9,○,9200,"前延長1本 + 休憩(サービスタイム3部)(平日)",9200,"前延長1本 + 休憩(サービスタイム3部)"
13:30,13.5,9.5,○,9200,"前延長1本 + 休憩(サービスタイム3部)(平日)",9200,"前延長1本 + 休憩(サービスタイム3部)"
13:30,13.5,10,○,10600,"前延長1本 + 休憩(サービスタイム3部)(平日) + 延長 1本",10600,"前延長1本 + 休憩(サービスタイム3部) + 延長1本"
13:30,13.5,10.5,○,12000,"前延長1本 + 休憩(サービスタイム3部)(平日) + 延長 2本",12000,"前延長1本 + 休憩(サービスタイム3部) + 延長2本"
13:30,13.5,11,○,13400,"前延長1本 + 休憩(サービスタイム3部)(平日) + 延長 3本",13400,"前延長1本 + 休憩(サービスタイム3部) + 延長3本"
13:30,13.5,11.5,○,14800,"前延長1本 + 休憩(サービスタイム3部)(平日) + 延長 4本",14800,"前延長1本 + 休憩(サービスタイム3部) + 延長4本"
13:30,13.5,12,○,16200,"前延長1本 + 休憩(サービスタイム3部)(平日) + 延長 5本",16200,"前延長1本 + 休憩(サービスタイム3部) + 延長5本"
13:30,13.5,12.5,○,17000,"前延長1本 + 休憩(サービスタイム3部)(平日) + 休憩(5時間)",17000,"前延長1本 + 休憩(サービスタイム3部) + 休憩(M時間)"
13:30,13.5,13,×,21600,"休憩(5時間)(平日) + 宿泊1部(平日)",18400,"前延長1本 + 休憩(サービスタイム3部) + 休憩(M時間) + 延長1本"
13:30,13.5,13.5,×,21600,"休憩(5時間)(平日) + 宿泊1部(平日)",19800,"前延長1本 + 休憩(サービスタイム3部) + 休憩(M時間) + 延長2本"
13:30,13.5,14,×,21600,"休憩(5時間)(平日) + 宿泊1部(平日)",21200,"前延長1本 + 休憩(サービスタイム3部) + 休憩(M時間) + 延長3本"
13:30,13.5,14.5,○,21600,"休憩(5時間)(平日) + 宿泊1部(平日)",21600,"休憩(M時間) + 宿泊1部"
13:30,13.5,15,○,21600,"休憩(5時間)(平日) + 宿泊1部(平日)",21600,"休憩(M時間) + 宿泊1部"
13:30,13.5,15.5,○,21600,"休憩(5時間)(平日) + 宿泊1部(平日)",21600,"休憩(M時間) + 宿泊1部"
13:30,13.5,16,○,21600,"休憩(5時間)(平日) + 宿泊1部(平日)",21600,"休憩(M時間) + 宿泊1部"
13:30,13.5,16.5,○,21600,"休憩(5時間)(平日) + 宿泊1部(平日)",21600,"休憩(M時間) + 宿泊1部"
13:30,13.5,17,○,21600,"休憩(5時間)(平日) + 宿泊1部(平日)",21600,"休憩(M時間) + 宿泊1部"
13:30,13.5,17.5,○,21600,"休憩(5時間)(平日) + 宿泊1部(平日)",21600,"休憩(M時間) + 宿泊1部"
13:30,13.5,18,○,21600,"休憩(5時間)(平日) + 宿泊1部(平日)",21600,"休憩(M時間) + 宿泊1部"
13:30,13.5,18.5,○,21600,"休憩(5時間)(平日) + 宿泊1部(平日)",21600,"休憩(M時間) + 宿泊1部"
13:30,13.5,19,○,21600,"休憩(5時間)(平日) + 宿泊1部(平日)",21600,"休憩(M時間) + 宿泊1部"
13:30,13.5,19.5,○,21600,"休憩(5時間)(平日) + 宿泊1部(平日)",21600,"休憩(M時間) + 宿泊1部"
13:30,13.5,20,○,21600,"休憩(5時間)(平日) + 宿泊1部(平日)",21600,"休憩(M時間) + 宿泊1部"
13:30,13.5,20.5,○,21600,"休憩(5時間)(平日) + 宿泊1部(平日)",21600,"休憩(M時間) + 宿泊1部"
13:30,13.5,21,○,21600,"休憩(5時間)(平日) + 宿泊1部(平日)",21600,"休憩(M時間) + 宿泊1部"
13:30,13.5,21.5,○,21600,"休憩(5時間)(平日) + 宿泊1部(平日)",21600,"休憩(M時間) + 宿泊1部"
13:30,13.5,22,○,21600,"休憩(5時間)(平日) + 宿泊1部(平日)",21600,"休憩(M時間) + 宿泊1部"
13:30,13.5,22.5,○,21600,"休憩(5時間)(平日) + 宿泊1部(平日)",21600,"休憩(M時間) + 宿泊1部"
13:30,13.5,23,○,23000,"休憩(5時間)(平日) + 宿泊1部(平日)+ 延長1本",23000,"前延長1本 + 休憩(サービスタイム3部) + 宿泊2部"
13:30,13.5,23.5,×,24400,"休憩(5時間)(平日) + 宿泊1部(平日)+ 延長2本",23000,"前延長1本 + 休憩(サービスタイム3部) + 宿泊2部"
13:30,13.5,24,×,25800,"休憩(5時間)(平日) + 宿泊1部(平日)+ 延長3本",23000,"前延長1本 + 休憩(サービスタイム3部) + 宿泊2部"
14:00,14,0.5,○,6000,"ショート",6000,"ショート"
14:00,14,1,○,6000,"ショート",6000,"ショート"
14:00,14,1.5,○,6000,"ショート",6000,"ショート"
14:00,14,2,○,7400,"ショート + 延長1本",7400,"ショート + 延長1本"
14:00,14,2.5,○,7800,"休憩(サービスタイム3部)(平日)",7800,"休憩(M時間)"
14:00,14,3,○,7800,"休憩(サービスタイム3部)(平日)",7800,"休憩(M時間)"
14:00,14,3.5,○,7800,"休憩(サービスタイム3部)(平日)",7800,"休憩(M時間)"
14:00,14,4,○,7800,"休憩(サービスタイム3部)(平日)",7800,"休憩(M時間)"
14:00,14,4.5,○,7800,"休憩(サービスタイム3部)(平日)",7800,"休憩(M時間)"
14:00,14,5,○,7800,"休憩(サービスタイム3部)(平日)",7800,"休憩(M時間)"
14:00,14,5.5,○,7800,"休憩(サービスタイム3部)(平日)",7800,"休憩(サービスタイム2部)"
14:00,14,6,○,7800,"休憩(サービスタイム3部)(平日)",7800,"休憩(サービスタイム2部)"
14:00,14,6.5,○,7800,"休憩(サービスタイム3部)(平日)",7800,"休憩(サービスタイム3部)"
14:00,14,7,○,7800,"休憩(サービスタイム3部)(平日)",7800,"休憩(サービスタイム3部)"
14:00,14,7.5,○,7800,"休憩(サービスタイム3部)(平日)",7800,"休憩(サービスタイム3部)"
14:00,14,8,○,7800,"休憩(サービスタイム3部)(平日)",7800,"休憩(サービスタイム3部)"
14:00,14,8.5,○,7800,"休憩(サービスタイム3部)(平日)",7800,"休憩(サービスタイム3部)"
14:00,14,9,○,7800,"休憩(サービスタイム3部)(平日)",7800,"休憩(サービスタイム3部)"
14:00,14,9.5,○,9200,"休憩(サービスタイム3部)(平日) + 延長1本",9200,"休憩(サービスタイム3部) + 延長1本"
14:00,14,10,○,10600,"休憩(サービスタイム3部)(平日)+ 延長2本",10600,"休憩(サービスタイム3部) + 延長2本"
14:00,14,10.5,○,12000,"休憩(サービスタイム3部)(平日)+ 延長3本",12000,"休憩(サービスタイム3部) + 延長3本"
14:00,14,11,○,13400,"休憩(サービスタイム3部)(平日)+ 延長4本",13400,"休憩(サービスタイム3部) + 延長4本"
14:00,14,11.5,○,14800,"休憩(サービスタイム3部)(平日)+ 延長5本",14800,"休憩(サービスタイム3部) + 延長5本"
14:00,14,12,○,15600,"休憩(サービスタイム3部)(平日)+ 休憩(5時間)",15600,"休憩(サービスタイム3部) + 休憩(M時間)"
14:00,14,12.5,×,21600,"休憩(サービスタイム3部)(平日)+ 宿泊2部(平日)",17000,"休憩(サービスタイム3部) + 休憩(M時間) + 延長1本"
14:00,14,13,×,21600,"休憩(サービスタイム3部)(平日)+ 宿泊2部(平日)",18400,"休憩(サービスタイム3部) + 休憩(M時間) + 延長2本"
14:00,14,13.5,×,21600,"休憩(サービスタイム3部)(平日)+ 宿泊2部(平日)",19800,"休憩(サービスタイム3部) + 休憩(M時間) + 延長3本"
14:00,14,14,×,21600,"休憩(サービスタイム3部)(平日)+ 宿泊2部(平日)",21200,"休憩(サービスタイム3部) + 休憩(M時間) + 延長4本"
14:00,14,14.5,○,21600,"休憩(サービスタイム3部)(平日)+ 宿泊2部(平日)",21600,"休憩(M時間) + 宿泊1部"
14:00,14,15,○,21600,"休憩(サービスタイム3部)(平日)+ 宿泊2部(平日)",21600,"休憩(M時間) + 宿泊1部"
14:00,14,15.5,○,21600,"休憩(サービスタイム3部)(平日)+ 宿泊2部(平日)",21600,"休憩(M時間) + 宿泊1部"
14:00,14,16,○,21600,"休憩(サービスタイム3部)(平日)+ 宿泊2部(平日)",21600,"休憩(M時間) + 宿泊1部"
14:00,14,16.5,○,21600,"休憩(サービスタイム3部)(平日)+ 宿泊2部(平日)",21600,"休憩(M時間) + 宿泊1部"
14:00,14,17,○,21600,"休憩(サービスタイム3部)(平日)+ 宿泊2部(平日)",21600,"休憩(M時間) + 宿泊1部"
14:00,14,17.5,○,21600,"休憩(サービスタイム3部)(平日)+ 宿泊2部(平日)",21600,"休憩(M時間) + 宿泊1部"
14:00,14,18,○,21600,"休憩(サービスタイム3部)(平日)+ 宿泊2部(平日)",21600,"休憩(M時間) + 宿泊1部"
14:00,14,18.5,○,21600,"休憩(サービスタイム3部)(平日)+ 宿泊2部(平日)",21600,"休憩(M時間) + 宿泊1部"
14:00,14,19,○,21600,"休憩(サービスタイム3部)(平日)+ 宿泊2部(平日)",21600,"休憩(M時間) + 宿泊1部"
14:00,14,19.5,○,21600,"休憩(サービスタイム3部)(平日)+ 宿泊2部(平日)",21600,"休憩(M時間) + 宿泊1部"
14:00,14,20,○,21600,"休憩(サービスタイム3部)(平日)+ 宿泊2部(平日)",21600,"休憩(M時間) + 宿泊1部"
14:00,14,20.5,○,21600,"休憩(サービスタイム3部)(平日)+ 宿泊2部(平日)",21600,"休憩(M時間) + 宿泊1部"
14:00,14,21,○,21600,"休憩(サービスタイム3部)(平日)+ 宿泊2部(平日)",21600,"休憩(M時間) + 宿泊1部"
14:00,14,21.5,○,21600,"休憩(サービスタイム3部)(平日)+ 宿泊2部(平日)",21600,"休憩(M時間) + 宿泊1部"
14:00,14,22,○,21600,"休憩(サービスタイム3部)(平日)+ 宿泊2部(平日)",21600,"休憩(M時間) + 宿泊1部"
14:00,14,22.5,○,21600,"休憩(サービスタイム3部)(平日)+ 宿泊2部(平日)",21600,"休憩(サービスタイム3部) + 宿泊2部"
14:00,14,23,○,21600,"休憩(サービスタイム3部)(平日)+ 宿泊2部(平日)",21600,"休憩(サービスタイム3部) + 宿泊2部"
14:00,14,23.5,○,21600,"休憩(サービスタイム3部)(平日)+ 宿泊2部(平日)",21600,"休憩(サービスタイム3部) + 宿泊2部"
14:00,14,24,○,21600,"休憩(サービスタイム3部)(平日)+ 宿泊2部(平日)",21600,"休憩(サービスタイム3部) + 宿泊2部"
14:30,14.5,0.5,○,6000,"ショート",6000,"ショート"
14:30,14.5,1,○,6000,"ショート",6000,"ショート"
14:30,14.5,1.5,○,6000,"ショート",6000,"ショート"
14:30,14.5,2,○,7400,"ショート + 延長1本",7400,"ショート + 延長1本"
14:30,14.5,2.5,○,7800,"休憩(サービスタイム3部)(平日)",7800,"休憩(M時間)"
14:30,14.5,3,○,7800,"休憩(サービスタイム3部)(平日)",7800,"休憩(M時間)"
14:30,14.5,3.5,○,7800,"休憩(サービスタイム3部)(平日)",7800,"休憩(M時間)"
14:30,14.5,4,○,7800,"休憩(サービスタイム3部)(平日)",7800,"休憩(M時間)"
14:30,14.5,4.5,○,7800,"休憩(サービスタイム3部)(平日)",7800,"休憩(M時間)"
14:30,14.5,5,○,7800,"休憩(サービスタイム3部)(平日)",7800,"休憩(M時間)"
14:30,14.5,5.5,○,7800,"休憩(サービスタイム3部)(平日)",7800,"休憩(サービスタイム2部)"
14:30,14.5,6,○,7800,"休憩(サービスタイム3部)(平日)",7800,"休憩(サービスタイム3部)"
14:30,14.5,6.5,○,7800,"休憩(サービスタイム3部)(平日)",7800,"休憩(サービスタイム3部)"
14:30,14.5,7,○,7800,"休憩(サービスタイム3部)(平日)",7800,"休憩(サービスタイム3部)"
14:30,14.5,7.5,○,7800,"休憩(サービスタイム3部)(平日)",7800,"休憩(サービスタイム3部)"
14:30,14.5,8,○,7800,"休憩(サービスタイム3部)(平日)",7800,"休憩(サービスタイム3部)"
14:30,14.5,8.5,○,7800,"休憩(サービスタイム3部)(平日)",7800,"休憩(サービスタイム3部)"
14:30,14.5,9,○,9200,"休憩(サービスタイム3部)(平日) + 延長1本",9200,"休憩(サービスタイム3部) + 延長1本"
14:30,14.5,9.5,○,10600,"休憩(サービスタイム3部)(平日)+ 延長2本",10600,"休憩(サービスタイム3部) + 延長2本"
14:30,14.5,10,○,12000,"休憩(サービスタイム3部)(平日)+ 延長3本",12000,"休憩(サービスタイム3部) + 延長3本"
14:30,14.5,10.5,○,13400,"休憩(サービスタイム3部)(平日)+ 延長4本",13400,"休憩(サービスタイム3部) + 延長4本"
14:30,14.5,11,○,14800,"休憩(サービスタイム3部)(平日)+ 延長5本",14800,"休憩(サービスタイム3部) + 延長5本"
14:30,14.5,11.5,○,15600,"休憩(サービスタイム3部)(平日)+ 休憩(5時間)",15600,"休憩(サービスタイム3部) + 休憩(M時間)"
14:30,14.5,12,×,21600,"休憩(サービスタイム3部)(平日)+ 宿泊2部(平日)",17000,"休憩(サービスタイム3部) + 休憩(M時間) + 延長1本"
14:30,14.5,12.5,×,21600,"休憩(サービスタイム3部)(平日)+ 宿泊2部(平日)",18400,"休憩(サービスタイム3部) + 休憩(M時間) + 延長2本"
14:30,14.5,13,×,21600,"休憩(サービスタイム3部)(平日)+ 宿泊2部(平日)",19800,"休憩(サービスタイム3部) + 休憩(M時間) + 延長3本"
14:30,14.5,13.5,×,21600,"休憩(サービスタイム3部)(平日)+ 宿泊2部(平日)",21200,"休憩(サービスタイム3部) + 休憩(M時間) + 延長4本"
14:30,14.5,14,○,21600,"休憩(サービスタイム3部)(平日)+ 宿泊2部(平日)",21600,"休憩(M時間) + 宿泊1部"
14:30,14.5,14.5,○,21600,"休憩(サービスタイム3部)(平日)+ 宿泊2部(平日)",21600,"休憩(M時間) + 宿泊1部"
14:30,14.5,15,○,21600,"休憩(サービスタイム3部)(平日)+ 宿泊2部(平日)",21600,"休憩(M時間) + 宿泊1部"
14:30,14.5,15.5,○,21600,"休憩(サービスタイム3部)(平日)+ 宿泊2部(平日)",21600,"休憩(M時間) + 宿泊1部"
14:30,14.5,16,○,21600,"休憩(サービスタイム3部)(平日)+ 宿泊2部(平日)",21600,"休憩(M時間) + 宿泊1部"
14:30,14.5,16.5,○,21600,"休憩(サービスタイム3部)(平日)+ 宿泊2部(平日)",21600,"休憩(M時間) + 宿泊1部"
14:30,14.5,17,○,21600,"休憩(サービスタイム3部)(平日)+ 宿泊2部(平日)",21600,"休憩(M時間) + 宿泊1部"
14:30,14.5,17.5,○,21600,"休憩(サービスタイム3部)(平日)+ 宿泊2部(平日)",21600,"休憩(M時間) + 宿泊1部"
14:30,14.5,18,○,21600,"休憩(サービスタイム3部)(平日)+ 宿泊2部(平日)",21600,"休憩(M時間) + 宿泊1部"
14:30,14.5,18.5,○,21600,"休憩(サービスタイム3部)(平日)+ 宿泊2部(平日)",21600,"休憩(M時間) + 宿泊1部"
14:30,14.5,19,○,21600,"休憩(サービスタイム3部)(平日)+ 宿泊2部(平日)",21600,"休憩(M時間) + 宿泊1部"
14:30,14.5,19.5,○,21600,"休憩(サービスタイム3部)(平日)+ 宿泊2部(平日)",21600,"休憩(M時間) + 宿泊1部"
14:30,14.5,20,○,21600,"休憩(サービスタイム3部)(平日)+ 宿泊2部(平日)",21600,"休憩(M時間) + 宿泊1部"
14:30,14.5,20.5,○,21600,"休憩(サービスタイム3部)(平日)+ 宿泊2部(平日)",21600,"休憩(M時間) + 宿泊1部"
14:30,14.5,21,○,21600,"休憩(サービスタイム3部)(平日)+ 宿泊2部(平日)",21600,"休憩(M時間) + 宿泊1部"
14:30,14.5,21.5,○,21600,"休憩(サービスタイム3部)(平日)+ 宿泊2部(平日)",21600,"休憩(M時間) + 宿泊1部"
14:30,14.5,22,○,21600,"休憩(サービスタイム3部)(平日)+ 宿泊2部(平日)",21600,"休憩(サービスタイム3部) + 宿泊2部"
14:30,14.5,22.5,○,21600,"休憩(サービスタイム3部)(平日)+ 宿泊2部(平日)",21600,"休憩(サービスタイム3部) + 宿泊2部"
14:30,14.5,23,○,21600,"休憩(サービスタイム3部)(平日)+ 宿泊2部(平日)",21600,"休憩(サービスタイム3部) + 宿泊2部"
14:30,14.5,23.5,○,21600,"休憩(サービスタイム3部)(平日)+ 宿泊2部(平日)",21600,"休憩(サービスタイム3部) + 宿泊2部"
14:30,14.5,24,○,23000,"休憩(サービスタイム3部)(平日) + 宿泊2部(平日)+ 延長1本",23000,"休憩(サービスタイム3部) + 宿泊2部 + 延長1本"
15:00,15,0.5,○,6000,"ショート",6000,"ショート"
15:00,15,1,○,6000,"ショート",6000,"ショート"
15:00,15,1.5,○,6000,"ショート",6000,"ショート"
15:00,15,2,○,7400,"ショート + 延長1本",7400,"ショート + 延長1本"
15:00,15,2.5,○,7800,"休憩(サービスタイム3部)(平日)",7800,"休憩(M時間)"
15:00,15,3,○,7800,"休憩(サービスタイム3部)(平日)",7800,"休憩(M時間)"
15:00,15,3.5,○,7800,"休憩(サービスタイム3部)(平日)",7800,"休憩(M時間)"
15:00,15,4,○,7800,"休憩(サービスタイム3部)(平日)",7800,"休憩(M時間)"
15:00,15,4.5,○,7800,"休憩(サービスタイム3部)(平日)",7800,"休憩(M時間)"
15:00,15,5,○,7800,"休憩(サービスタイム3部)(平日)",7800,"休憩(M時間)"
15:00,15,5.5,○,7800,"休憩(サービスタイム3部)(平日)",7800,"休憩(サービスタイム3部)"
15:00,15,6,○,7800,"休憩(サービスタイム3部)(平日)",7800,"休憩(サービスタイム3部)"
15:00,15,6.5,○,7800,"休憩(サービスタイム3部)(平日)",7800,"休憩(サービスタイム3部)"
15:00,15,7,○,7800,"休憩(サービスタイム3部)(平日)",7800,"休憩(サービスタイム3部)"
15:00,15,7.5,○,7800,"休憩(サービスタイム3部)(平日)",7800,"休憩(サービスタイム3部)"
15:00,15,8,○,7800,"休憩(サービスタイム3部)(平日)",7800,"休憩(サービスタイム3部)"
15:00,15,8.5,○,9200,"休憩(サービスタイム3部)(平日) + 延長1本",9200,"休憩(サービスタイム3部) + 延長1本"
15:00,15,9,○,10600,"休憩(サービスタイム3部)(平日)+ 延長2本",10600,"休憩(サービスタイム3部) + 延長2本"
15:00,15,9.5,○,12000,"休憩(サービスタイム3部)(平日)+ 延長3本",12000,"休憩(サービスタイム3部) + 延長3本"
15:00,15,10,○,13400,"休憩(サービスタイム3部)(平日)+ 延長4本",13400,"休憩(サービスタイム3部) + 延長4本"
15:00,15,10.5,○,14800,"休憩(サービスタイム3部)(平日)+ 延長5本",14800,"休憩(サービスタイム3部) + 延長5本"
15:00,15,11,○,15600,"休憩(サービスタイム3部)(平日)+ 休憩(5時間)",15600,"休憩(サービスタイム3部) + 休憩(M時間)"
15:00,15,11.5,×,21600,"休憩(サービスタイム3部)(平日)+ 宿泊2部(平日)",17000,"休憩(サービスタイム3部) + 休憩(M時間) + 延長1本"
15:00,15,12,×,21600,"休憩(サービスタイム3部)(平日)+ 宿泊2部(平日)",18400,"休憩(サービスタイム3部) + 休憩(M時間) + 延長2本"
15:00,15,12.5,×,21600,"休憩(サービスタイム3部)(平日)+ 宿泊2部(平日)",19800,"休憩(サービスタイム3部) + 休憩(M時間) + 延長3本"
15:00,15,13,×,21600,"休憩(サービスタイム3部)(平日)+ 宿泊2部(平日)",21200,"休憩(サービスタイム3部) + 休憩(M時間) + 延長4本"
15:00,15,13.5,○,21600,"休憩(サービスタイム3部)(平日)+ 宿泊2部(平日)",21600,"休憩(M時間) + 宿泊1部"
15:00,15,14,○,21600,"休憩(サービスタイム3部)(平日)+ 宿泊2部(平日)",21600,"休憩(M時間) + 宿泊1部"
15:00,15,14.5,○,21600,"休憩(サービスタイム3部)(平日)+ 宿泊2部(平日)",21600,"休憩(M時間) + 宿泊1部"
15:00,15,15,○,21600,"休憩(サービスタイム3部)(平日)+ 宿泊2部(平日)",21600,"休憩(M時間) + 宿泊1部"
15:00,15,15.5,○,21600,"休憩(サービスタイム3部)(平日)+ 宿泊2部(平日)",21600,"休憩(M時間) + 宿泊1部"
15:00,15,16,○,21600,"休憩(サービスタイム3部)(平日)+ 宿泊2部(平日)",21600,"休憩(M時間) + 宿泊1部"
15:00,15,16.5,○,21600,"休憩(サービスタイム3部)(平日)+ 宿泊2部(平日)",21600,"休憩(M時間) + 宿泊1部"
15:00,15,17,○,21600,"休憩(サービスタイム3部)(平日)+ 宿泊2部(平日)",21600,"休憩(M時間) + 宿泊1部"
15:00,15,17.5,○,21600,"休憩(サービスタイム3部)(平日)+ 宿泊2部(平日)",21600,"休憩(M時間) + 宿泊1部"
15:00,15,18,○,21600,"休憩(サービスタイム3部)(平日)+ 宿泊2部(平日)",21600,"休憩(M時間) + 宿泊1部"
15:00,15,18.5,○,21600,"休憩(サービスタイム3部)(平日)+ 宿泊2部(平日)",21600,"休憩(M時間) + 宿泊1部"
15:00,15,19,○,21600,"休憩(サービスタイム3部)(平日)+ 宿泊2部(平日)",21600,"休憩(M時間) + 宿泊1部"
15:00,15,19.5,○,21600,"休憩(サービスタイム3部)(平日)+ 宿泊2部(平日)",21600,"休憩(M時間) + 宿泊1部"
15:00,15,20,○,21600,"休憩(サービスタイム3部)(平日)+ 宿泊2部(平日)",21600,"休憩(M時間) + 宿泊1部"
15:00,15,20.5,○,21600,"休憩(サービスタイム3部)(平日)+ 宿泊2部(平日)",21600,"休憩(M時間) + 宿泊1部"
15:00,15,21,○,21600,"休憩(サービスタイム3部)(平日)+ 宿泊2部(平日)",21600,"休憩(M時間) + 宿泊1部"
15:00,15,21.5,○,21600,"休憩(サービスタイム3部)(平日)+ 宿泊2部(平日)",21600,"休憩(サービスタイム3部) + 宿泊2部"
15:00,15,22,○,21600,"休憩(サービスタイム3部)(平日)+ 宿泊2部(平日)",21600,"休憩(サービスタイム3部) + 宿泊2部"
15:00,15,22.5,○,21600,"休憩(サービスタイム3部)(平日)+ 宿泊2部(平日)",21600,"休憩(サービスタイム3部) + 宿泊2部"
15:00,15,23,○,21600,"休憩(サービスタイム3部)(平日)+ 宿泊2部(平日)",21600,"休憩(サービスタイム3部) + 宿泊2部"
15:00,15,23.5,○,23000,"休憩(サービスタイム3部)(平日) + 宿泊2部(平日)+ 延長1本",23000,"休憩(サービスタイム3部) + 宿泊2部 + 延長1本"
15:00,15,24,○,24400,"休憩(サービスタイム3部)(平日) + 宿泊2部(平日)+ 延長2本",24400,"休憩(サービスタイム3部) + 宿泊2部 + 延長2本"
15:30,15.5,0.5,○,6000,"ショート",6000,"ショート"
15:30,15.5,1,○,6000,"ショート",6000,"ショート"
15:30,15.5,1.5,○,6000,"ショート",6000,"ショート"
15:30,15.5,2,○,7400,"ショート + 延長1本",7400,"ショート + 延長1本"
15:30,15.5,2.5,○,7800,"休憩(サービスタイム3部)(平日)",7800,"休憩(M時間)"
15:30,15.5,3,○,7800,"休憩(サービスタイム3部)(平日)",7800,"休憩(M時間)"
15:30,15.5,3.5,○,7800,"休憩(サービスタイム3部)(平日)",7800,"休憩(M時間)"
15:30,15.5,4,○,7800,"休憩(サービスタイム3部)(平日)",7800,"休憩(M時間)"
15:30,15.5,4.5,○,7800,"休憩(サービスタイム3部)(平日)",7800,"休憩(M時間)"
15:30,15.5,5,○,7800,"休憩(サービスタイム3部)(平日)",7800,"休憩(M時間)"
15:30,15.5,5.5,○,7800,"休憩(サービスタイム3部)(平日)",7800,"休憩(サービスタイム3部)"
15:30,15.5,6,○,7800,"休憩(サービスタイム3部)(平日)",7800,"休憩(サービスタイム3部)"
15:30,15.5,6.5,○,7800,"休憩(サービスタイム3部)(平日)",7800,"休憩(サービスタイム3部)"
15:30,15.5,7,○,7800,"休憩(サービスタイム3部)(平日)",7800,"休憩(サービスタイム3部)"
15:30,15.5,7.5,○,7800,"休憩(サービスタイム3部)(平日)",7800,"休憩(サービスタイム3部)"
15:30,15.5,8,○,9200,"休憩(サービスタイム3部)(平日) + 延長1本",9200,"休憩(サービスタイム3部) + 延長1本"
15:30,15.5,8.5,○,10600,"休憩(サービスタイム3部)(平日) + 延長2本",10600,"休憩(サービスタイム3部) + 延長2本"
15:30,15.5,9,○,12000,"休憩(サービスタイム3部)(平日) + 延長3本",12000,"休憩(サービスタイム3部) + 延長3本"
15:30,15.5,9.5,○,13400,"休憩(サービスタイム3部)(平日) + 延長4本",13400,"休憩(サービスタイム3部) + 延長4本"
15:30,15.5,10,○,14800,"休憩(サービスタイム3部)(平日) + 延長5本",14800,"休憩(サービスタイム3部) + 延長5本"
15:30,15.5,10.5,○,15600,"休憩(サービスタイム3部)(平日) + 休憩(5時間)",15600,"休憩(サービスタイム3部) + 休憩(M時間)"
15:30,15.5,11,×,20800,"前延長5本 + 宿泊1部(平日)",17000,"休憩(サービスタイム3部) + 休憩(M時間) + 延長1本"
15:30,15.5,11.5,×,20800,"前延長5本 + 宿泊1部(平日)",18400,"休憩(サービスタイム3部) + 休憩(M時間) + 延長2本"
15:30,15.5,12,×,20800,"前延長5本 + 宿泊1部(平日)",19800,"休憩(サービスタイム3部) + 休憩(M時間) + 延長3本"
15:30,15.5,12.5,○,20800,"前延長5本 + 宿泊1部(平日)",20800,"前延長5本 + 宿泊1部"
15:30,15.5,13,○,20800,"前延長5本 + 宿泊1部(平日)",20800,"前延長5本 + 宿泊1部"
15:30,15.5,13.5,○,20800,"前延長5本 + 宿泊1部(平日)",20800,"前延長5本 + 宿泊1部"
15:30,15.5,14,○,20800,"前延長5本 + 宿泊1部(平日)",20800,"前延長5本 + 宿泊1部"
15:30,15.5,14.5,○,20800,"前延長5本 + 宿泊1部(平日)",20800,"前延長5本 + 宿泊1部"
15:30,15.5,15,○,20800,"前延長5本 + 宿泊1部(平日)",20800,"前延長5本 + 宿泊1部"
15:30,15.5,15.5,○,20800,"前延長5本 + 宿泊1部(平日)",20800,"前延長5本 + 宿泊1部"
15:30,15.5,16,○,20800,"前延長5本 + 宿泊1部(平日)",20800,"前延長5本 + 宿泊1部"
15:30,15.5,16.5,○,20800,"前延長5本 + 宿泊1部(平日)",20800,"前延長5本 + 宿泊1部"
15:30,15.5,17,○,20800,"前延長5本 + 宿泊1部(平日)",20800,"前延長5本 + 宿泊1部"
15:30,15.5,17.5,○,20800,"前延長5本 + 宿泊1部(平日)",20800,"前延長5本 + 宿泊1部"
15:30,15.5,18,○,20800,"前延長5本 + 宿泊1部(平日)",20800,"前延長5本 + 宿泊1部"
15:30,15.5,18.5,○,20800,"前延長5本 + 宿泊1部(平日)",20800,"前延長5本 + 宿泊1部"
15:30,15.5,19,○,20800,"前延長5本 + 宿泊1部(平日)",20800,"前延長5本 + 宿泊1部"
15:30,15.5,19.5,○,20800,"前延長5本 + 宿泊1部(平日)",20800,"前延長5本 + 宿泊1部"
15:30,15.5,20,○,20800,"前延長5本 + 宿泊1部(平日)",20800,"前延長5本 + 宿泊1部"
15:30,15.5,20.5,○,20800,"前延長5本 + 宿泊1部(平日)",20800,"前延長5本 + 宿泊1部"
15:30,15.5,21,×,22200,"前延長5本 + 宿泊1部(平日) + 延長 1本",21600,"休憩(サービスタイム3部) + 宿泊2部"
15:30,15.5,21.5,×,23600,"前延長5本 + 宿泊1部(平日) + 延長 2本",21600,"休憩(サービスタイム3部) + 宿泊2部"
15:30,15.5,22,×,25000,"前延長5本 + 宿泊1部(平日) + 延長 3本",21600,"休憩(サービスタイム3部) + 宿泊2部"
15:30,15.5,22.5,×,26400,"前延長5本 + 宿泊1部(平日) + 延長 4本",21600,"休憩(サービスタイム3部) + 宿泊2部"
15:30,15.5,23,×,27800,"前延長5本 + 宿泊1部(平日) + 延長 5本",23000,"休憩(サービスタイム3部) + 宿泊2部 + 延長1本"
15:30,15.5,23.5,×,28600,"前延長5本 + 宿泊1部(平日) + 休憩(サービスタイム2部)",24400,"休憩(サービスタイム3部) + 宿泊2部 + 延長2本"
15:30,15.5,24,×,28600,"前延長5本 + 宿泊1部(平日) + 休憩(サービスタイム2部)",25800,"休憩(サービスタイム3部) + 宿泊2部 + 延長3本"
16:00,16,0.5,○,6000,"ショート",6000,"ショート"
16:00,16,1,○,6000,"ショート",6000,"ショート"
16:00,16,1.5,○,6000,"ショート",6000,"ショート"
16:00,16,2,○,7400,"ショート + 延長1本",7400,"ショート + 延長1本"
16:00,16,2.5,○,7800,"休憩(サービスタイム3部)(平日)",7800,"休憩(M時間)"
16:00,16,3,○,7800,"休憩(サービスタイム3部)(平日)",7800,"休憩(M時間)"
16:00,16,3.5,○,7800,"休憩(サービスタイム3部)(平日)",7800,"休憩(M時間)"
16:00,16,4,○,7800,"休憩(サービスタイム3部)(平日)",7800,"休憩(M時間)"
16:00,16,4.5,○,7800,"休憩(サービスタイム3部)(平日)",7800,"休憩(M時間)"
16:00,16,5,○,7800,"休憩(サービスタイム3部)(平日)",7800,"休憩(M時間)"
16:00,16,5.5,○,7800,"休憩(サービスタイム3部)(平日)",7800,"休憩(サービスタイム3部)"
16:00,16,6,○,7800,"休憩(サービスタイム3部)(平日)",7800,"休憩(サービスタイム3部)"
16:00,16,6.5,○,7800,"休憩(サービスタイム3部)(平日)",7800,"休憩(サービスタイム3部)"
16:00,16,7,○,7800,"休憩(サービスタイム3部)(平日)",7800,"休憩(サービスタイム3部)"
16:00,16,7.5,○,9200,"休憩(サービスタイム3部)(平日) + 延長1本",9200,"休憩(サービスタイム3部) + 延長1本"
16:00,16,8,○,10600,"休憩(サービスタイム3部)(平日) + 延長2本",10600,"休憩(サービスタイム3部) + 延長2本"
16:00,16,8.5,○,12000,"休憩(サービスタイム3部)(平日) + 延長3本",12000,"休憩(サービスタイム3部) + 延長3本"
16:00,16,9,○,13400,"休憩(サービスタイム3部)(平日) + 延長4本",13400,"休憩(サービスタイム3部) + 延長4本"
16:00,16,9.5,○,14800,"休憩(サービスタイム3部)(平日) + 延長5本",14800,"休憩(サービスタイム3部) + 延長5本"
16:00,16,10,○,15600,"休憩(サービスタイム3部)(平日) + 休憩(5時間)",15600,"休憩(M時間) + 休憩(M時間)"
16:00,16,10.5,×,19400,"前延長4本 + 宿泊1部(平日)",17000,"休憩(M時間) + 休憩(M時間) + 延長1本"
16:00,16,11,×,19400,"前延長4本 + 宿泊1部(平日)",18400,"休憩(M時間) + 休憩(M時間) + 延長2本"
16:00,16,11.5,○,19400,"前延長4本 + 宿泊1部(平日)",19400,"前延長4本 + 宿泊1部"
16:00,16,12,○,19400,"前延長4本 + 宿泊1部(平日)",19400,"前延長4本 + 宿泊1部"
16:00,16,12.5,○,19400,"前延長4本 + 宿泊1部(平日)",19400,"前延長4本 + 宿泊1部"
16:00,16,13,○,19400,"前延長4本 + 宿泊1部(平日)",19400,"前延長4本 + 宿泊1部"
16:00,16,13.5,○,19400,"前延長4本 + 宿泊1部(平日)",19400,"前延長4本 + 宿泊1部"
16:00,16,14,○,19400,"前延長4本 + 宿泊1部(平日)",19400,"前延長4本 + 宿泊1部"
16:00,16,14.5,○,19400,"前延長4本 + 宿泊1部(平日)",19400,"前延長4本 + 宿泊1部"
16:00,16,15,○,19400,"前延長4本 + 宿泊1部(平日)",19400,"前延長4本 + 宿泊1部"
16:00,16,15.5,○,19400,"前延長4本 + 宿泊1部(平日)",19400,"前延長4本 + 宿泊1部"
16:00,16,16,○,19400,"前延長4本 + 宿泊1部(平日)",19400,"前延長4本 + 宿泊1部"
16:00,16,16.5,○,19400,"前延長4本 + 宿泊1部(平日)",19400,"前延長4本 + 宿泊1部"
16:00,16,17,○,19400,"前延長4本 + 宿泊1部(平日)",19400,"前延長4本 + 宿泊1部"
16:00,16,17.5,○,19400,"前延長4本 + 宿泊1部(平日)",19400,"前延長4本 + 宿泊1部"
16:00,16,18,○,19400,"前延長4本 + 宿泊1部(平日)",19400,"前延長4本 + 宿泊1部"
16:00,16,18.5,○,19400,"前延長4本 + 宿泊1部(平日)",19400,"前延長4本 + 宿泊1部"
16:00,16,19,○,19400,"前延長4本 + 宿泊1部(平日)",19400,"前延長4本 + 宿泊1部"
16:00,16,19.5,○,19400,"前延長4本 + 宿泊1部(平日)",19400,"前延長4本 + 宿泊1部"
16:00,16,20,○,19400,"前延長4本 + 宿泊1部(平日)",19400,"前延長4本 + 宿泊1部"
16:00,16,20.5,○,20800,"前延長4本 + 宿泊1部(平日) + 延長 1本",20800,"前延長4本 + 宿泊1部 + 延長1本"
16:00,16,21,×,22200,"前延長4本 + 宿泊1部(平日) + 延長 2本",21600,"休憩(サービスタイム3部) + 宿泊2部"
16:00,16,21.5,×,23600,"前延長4本 + 宿泊1部(平日) + 延長 3本",21600,"休憩(サービスタイム3部) + 宿泊2部"
16:00,16,22,×,25000,"前延長4本 + 宿泊1部(平日) + 延長 4本",21600,"休憩(サービスタイム3部) + 宿泊2部"
16:00,16,22.5,×,26400,"前延長4本 + 宿泊1部(平日) + 延長 5本",23000,"休憩(サービスタイム3部) + 宿泊2部 + 延長1本"
16:00,16,23,×,27200,"前延長4本 + 宿泊1部(平日) + 休憩(サービスタイム2部)",24400,"休憩(サービスタイム3部) + 宿泊2部 + 延長2本"
16:00,16,23.5,×,27200,"前延長4本 + 宿泊1部(平日) + 休憩(サービスタイム2部)",25800,"休憩(サービスタイム3部) + 宿泊2部 + 延長3本"
16:00,16,24,○,27200,"前延長4本 + 宿泊1部(平日) + 休憩(サービスタイム2部)",27200,"前延長4本 + 宿泊1部 + 休憩(M時間)"
16:30,16.5,0.5,○,6000,"ショート",6000,"ショート"
16:30,16.5,1,○,6000,"ショート",6000,"ショート"
16:30,16.5,1.5,○,6000,"ショート",6000,"ショート"
16:30,16.5,2,○,7400,"ショート + 延長1本",7400,"ショート + 延長1本"
16:30,16.5,2.5,○,7800,"休憩(サービスタイム3部)(平日)",7800,"休憩(M時間)"
16:30,16.5,3,○,7800,"休憩(サービスタイム3部)(平日)",7800,"休憩(M時間)"
16:30,16.5,3.5,○,7800,"休憩(サービスタイム3部)(平日)",7800,"休憩(M時間)"
16:30,16.5,4,○,7800,"休憩(サービスタイム3部)(平日)",7800,"休憩(M時間)"
16:30,16.5,4.5,○,7800,"休憩(サービスタイム3部)(平日)",7800,"休憩(M時間)"
16:30,16.5,5,○,7800,"休憩(サービスタイム3部)(平日)",7800,"休憩(M時間)"
16:30,16.5,5.5,○,7800,"休憩(サービスタイム3部)(平日)",7800,"休憩(サービスタイム3部)"
16:30,16.5,6,○,7800,"休憩(サービスタイム3部)(平日)",7800,"休憩(サービスタイム3部)"
16:30,16.5,6.5,○,7800,"休憩(サービスタイム3部)(平日)",7800,"休憩(サービスタイム3部)"
16:30,16.5,7,○,9200,"休憩(サービスタイム3部)(平日) + 延長1本",9200,"休憩(サービスタイム3部) + 延長1本"
16:30,16.5,7.5,○,10600,"休憩(サービスタイム3部)(平日) + 延長2本",10600,"休憩(サービスタイム3部) + 延長2本"
16:30,16.5,8,○,12000,"休憩(サービスタイム3部)(平日) + 延長3本",12000,"休憩(サービスタイム3部) + 延長3本"
16:30,16.5,8.5,○,13400,"休憩(サービスタイム3部)(平日) + 延長4本",13400,"休憩(サービスタイム3部) + 延長4本"
16:30,16.5,9,○,14800,"休憩(サービスタイム3部)(平日) + 延長5本",14800,"休憩(サービスタイム3部) + 延長5本"
16:30,16.5,9.5,○,15600,"休憩(サービスタイム3部)(平日) + 休憩(5時間)",15600,"休憩(M時間) + 休憩(M時間)"
16:30,16.5,10,×,18000,"前延長3本 + 宿泊1部(平日)",17000,"休憩(M時間) + 休憩(M時間) + 延長1本"
16:30,16.5,10.5,○,18000,"前延長3本 + 宿泊1部(平日)",18000,"前延長3本 + 宿泊1部"
16:30,16.5,11,○,18000,"前延長3本 + 宿泊1部(平日)",18000,"前延長3本 + 宿泊1部"
16:30,16.5,11.5,○,18000,"前延長3本 + 宿泊1部(平日)",18000,"前延長3本 + 宿泊1部"
16:30,16.5,12,○,18000,"前延長3本 + 宿泊1部(平日)",18000,"前延長3本 + 宿泊1部"
16:30,16.5,12.5,○,18000,"前延長3本 + 宿泊1部(平日)",18000,"前延長3本 + 宿泊1部"
16:30,16.5,13,○,18000,"前延長3本 + 宿泊1部(平日)",18000,"前延長3本 + 宿泊1部"
16:30,16.5,13.5,○,18000,"前延長3本 + 宿泊1部(平日)",18000,"前延長3本 + 宿泊1部"
16:30,16.5,14,○,18000,"前延長3本 + 宿泊1部(平日)",18000,"前延長3本 + 宿泊1部"
16:30,16.5,14.5,○,18000,"前延長3本 + 宿泊1部(平日)",18000,"前延長3本 + 宿泊1部"
16:30,16.5,15,○,18000,"前延長3本 + 宿泊1部(平日)",18000,"前延長3本 + 宿泊1部"
16:30,16.5,15.5,○,18000,"前延長3本 + 宿泊1部(平日)",18000,"前延長3本 + 宿泊1部"
16:30,16.5,16,○,18000,"前延長3本 + 宿泊1部(平日)",18000,"前延長3本 + 宿泊1部"
16:30,16.5,16.5,○,18000,"前延長3本 + 宿泊1部(平日)",18000,"前延長3本 + 宿泊1部"
16:30,16.5,17,○,18000,"前延長3本 + 宿泊1部(平日)",18000,"前延長3本 + 宿泊1部"
16:30,16.5,17.5,○,18000,"前延長3本 + 宿泊1部(平日)",18000,"前延長3本 + 宿泊1部"
16:30,16.5,18,○,18000,"前延長3本 + 宿泊1部(平日)",18000,"前延長3本 + 宿泊1部"
16:30,16.5,18.5,○,18000,"前延長3本 + 宿泊1部(平日)",18000,"前延長3本 + 宿泊1部"
16:30,16.5,19,○,18000,"前延長3本 + 宿泊1部(平日)",18000,"前延長3本 + 宿泊1部"
16:30,16.5,19.5,○,18000,"前延長3本 + 宿泊1部(平日)",18000,"前延長3本 + 宿泊1部"
16:30,16.5,20,○,19400,"前延長3本 + 宿泊1部(平日) + 延長 1本",19400,"前延長3本 + 宿泊1部 + 延長1本"
16:30,16.5,20.5,○,20800,"前延長3本 + 宿泊1部(平日) + 延長 2本",20800,"前延長3本 + 宿泊1部 + 延長2本"
16:30,16.5,21,×,22200,"前延長3本 + 宿泊1部(平日) + 延長 3本",21600,"休憩(サービスタイム3部) + 宿泊2部"
16:30,16.5,21.5,×,23600,"前延長3本 + 宿泊1部(平日) + 延長 4本",21600,"休憩(サービスタイム3部) + 宿泊2部"
16:30,16.5,22,×,25000,"前延長3本 + 宿泊1部(平日) + 延長 5本",23000,"休憩(サービスタイム3部) + 宿泊2部 + 延長1本"
16:30,16.5,22.5,×,25800,"前延長3本 + 宿泊1部(平日) + 休憩(サービスタイム2部)",24400,"休憩(サービスタイム3部) + 宿泊2部 + 延長2本"
16:30,16.5,23,○,25800,"前延長3本 + 宿泊1部(平日) + 休憩(サービスタイム2部)",25800,"前延長3本 + 宿泊1部 + 休憩(M時間)"
16:30,16.5,23.5,○,25800,"前延長3本 + 宿泊1部(平日) + 休憩(サービスタイム2部)",25800,"前延長3本 + 宿泊1部 + 休憩(M時間)"
16:30,16.5,24,○,25800,"前延長3本 + 宿泊1部(平日) + 休憩(サービスタイム2部)",25800,"前延長3本 + 宿泊1部 + 休憩(M時間)"
17:00,17,0.5,○,6000,"ショート",6000,"ショート"
17:00,17,1,○,6000,"ショート",6000,"ショート"
17:00,17,1.5,○,6000,"ショート",6000,"ショート"
17:00,17,2,○,7400,"ショート + 延長1本",7400,"ショート + 延長1本"
17:00,17,2.5,○,7800,"休憩(サービスタイム3部)(平日)",7800,"休憩(M時間)"
17:00,17,3,○,7800,"休憩(サービスタイム3部)(平日)",7800,"休憩(M時間)"
17:00,17,3.5,○,7800,"休憩(サービスタイム3部)(平日)",7800,"休憩(M時間)"
17:00,17,4,○,7800,"休憩(サービスタイム3部)(平日)",7800,"休憩(M時間)"
17:00,17,4.5,○,7800,"休憩(サービスタイム3部)(平日)",7800,"休憩(M時間)"
17:00,17,5,○,7800,"休憩(サービスタイム3部)(平日)",7800,"休憩(M時間)"
17:00,17,5.5,○,7800,"休憩(サービスタイム3部)(平日)",7800,"休憩(サービスタイム3部)"
17:00,17,6,○,7800,"休憩(サービスタイム3部)(平日)",7800,"休憩(サービスタイム3部)"
17:00,17,6.5,○,9200,"休憩(サービスタイム3部)(平日) + 延長1本",9200,"休憩(サービスタイム3部) + 延長1本"
17:00,17,7,○,10600,"休憩(サービスタイム3部)(平日) + 延長2本",10600,"休憩(サービスタイム3部) + 延長2本"
17:00,17,7.5,○,12000,"休憩(サービスタイム3部)(平日) + 延長3本",12000,"休憩(サービスタイム3部) + 延長3本"
17:00,17,8,○,13400,"休憩(サービスタイム3部)(平日) + 延長4本",13400,"休憩(サービスタイム3部) + 延長4本"
17:00,17,8.5,○,14800,"休憩(サービスタイム3部)(平日) + 延長5本",14800,"休憩(サービスタイム3部) + 延長5本"
17:00,17,9,○,15600,"休憩(サービスタイム3部)(平日) + 休憩(5時間)",15600,"休憩(M時間) + 休憩(M時間)"
17:00,17,9.5,○,16600,"前延長2本 + 宿泊1部(平日)",16600,"前延長2本 + 宿泊1部"
17:00,17,10,○,16600,"前延長2本 + 宿泊1部(平日)",16600,"前延長2本 + 宿泊1部"
17:00,17,10.5,○,16600,"前延長2本 + 宿泊1部(平日)",16600,"前延長2本 + 宿泊1部"
17:00,17,11,○,16600,"前延長2本 + 宿泊1部(平日)",16600,"前延長2本 + 宿泊1部"
17:00,17,11.5,○,16600,"前延長2本 + 宿泊1部(平日)",16600,"前延長2本 + 宿泊1部"
17:00,17,12,○,16600,"前延長2本 + 宿泊1部(平日)",16600,"前延長2本 + 宿泊1部"
17:00,17,12.5,○,16600,"前延長2本 + 宿泊1部(平日)",16600,"前延長2本 + 宿泊1部"
17:00,17,13,○,16600,"前延長2本 + 宿泊1部(平日)",16600,"前延長2本 + 宿泊1部"
17:00,17,13.5,○,16600,"前延長2本 + 宿泊1部(平日)",16600,"前延長2本 + 宿泊1部"
17:00,17,14,○,16600,"前延長2本 + 宿泊1部(平日)",16600,"前延長2本 + 宿泊1部"
17:00,17,14.5,○,16600,"前延長2本 + 宿泊1部(平日)",16600,"前延長2本 + 宿泊1部"
17:00,17,15,○,16600,"前延長2本 + 宿泊1部(平日)",16600,"前延長2本 + 宿泊1部"
17:00,17,15.5,○,16600,"前延長2本 + 宿泊1部(平日)",16600,"前延長2本 + 宿泊1部"
17:00,17,16,○,16600,"前延長2本 + 宿泊1部(平日)",16600,"前延長2本 + 宿泊1部"
17:00,17,16.5,○,16600,"前延長2本 + 宿泊1部(平日)",16600,"前延長2本 + 宿泊1部"
17:00,17,17,○,16600,"前延長2本 + 宿泊1部(平日)",16600,"前延長2本 + 宿泊1部"
17:00,17,17.5,○,16600,"前延長2本 + 宿泊1部(平日)",16600,"前延長2本 + 宿泊1部"
17:00,17,18,○,16600,"前延長2本 + 宿泊1部(平日)",16600,"前延長2本 + 宿泊1部"
17:00,17,18.5,○,16600,"前延長2本 + 宿泊1部(平日)",16600,"前延長2本 + 宿泊1部"
17:00,17,19,○,16600,"前延長2本 + 宿泊1部(平日)",16600,"前延長2本 + 宿泊1部"
17:00,17,19.5,○,18000,"前延長2本 + 宿泊1部(平日) + 延長 1本",18000,"前延長2本 + 宿泊1部 + 延長1本"
17:00,17,20,○,19400,"前延長2本 + 宿泊1部(平日) + 延長 2本",19400,"前延長2本 + 宿泊1部 + 延長2本"
17:00,17,20.5,○,20800,"前延長2本 + 宿泊1部(平日) + 延長 3本",20800,"前延長2本 + 宿泊1部 + 延長3本"
17:00,17,21,×,22200,"前延長2本 + 宿泊1部(平日) + 延長 4本",21600,"休憩(M時間) + 宿泊2部"
17:00,17,21.5,×,23600,"前延長2本 + 宿泊1部(平日) + 延長 5本",23000,"休憩(M時間) + 宿泊2部 + 延長1本"
17:00,17,22,○,24400,"前延長2本 + 宿泊1部(平日) + 休憩(サービスタイム2部)",24400,"前延長2本 + 宿泊1部 + 休憩(M時間)"
17:00,17,22.5,○,24400,"前延長2本 + 宿泊1部(平日) + 休憩(サービスタイム2部)",24400,"前延長2本 + 宿泊1部 + 休憩(M時間)"
17:00,17,23,○,24400,"前延長2本 + 宿泊1部(平日) + 休憩(サービスタイム2部)",24400,"前延長2本 + 宿泊1部 + 休憩(M時間)"
17:00,17,23.5,○,24400,"前延長2本 + 宿泊1部(平日) + 休憩(サービスタイム2部)",24400,"前延長2本 + 宿泊1部 + 休憩(M時間)"
17:00,17,24,○,24400,"前延長2本 + 宿泊1部(平日) + 休憩(サービスタイム2部)",24400,"前延長2本 + 宿泊1部 + 休憩(M時間)"
17:30,17.5,0.5,○,6000,"ショート",6000,"ショート"
17:30,17.5,1,○,6000,"ショート",6000,"ショート"
17:30,17.5,1.5,○,6000,"ショート",6000,"ショート"
17:30,17.5,2,○,7400,"ショート + 延長1本",7400,"ショート + 延長1本"
17:30,17.5,2.5,○,7800,"休憩(サービスタイム3部)(平日)",7800,"休憩(M時間)"
17:30,17.5,3,○,7800,"休憩(サービスタイム3部)(平日)",7800,"休憩(M時間)"
17:30,17.5,3.5,○,7800,"休憩(サービスタイム3部)(平日)",7800,"休憩(M時間)"
17:30,17.5,4,○,7800,"休憩(サービスタイム3部)(平日)",7800,"休憩(M時間)"
17:30,17.5,4.5,○,7800,"休憩(サービスタイム3部)(平日)",7800,"休憩(M時間)"
17:30,17.5,5,○,7800,"休憩(サービスタイム3部)(平日)",7800,"休憩(M時間)"
17:30,17.5,5.5,○,7800,"休憩(サービスタイム3部)(平日)",7800,"休憩(サービスタイム3部)"
17:30,17.5,6,○,9200,"休憩(サービスタイム3部)(平日) + 延長1本",9200,"休憩(サービスタイム3部) + 延長1本"
17:30,17.5,6.5,○,10600,"休憩(サービスタイム3部)(平日) + 延長2本",10600,"休憩(サービスタイム3部) + 延長2本"
17:30,17.5,7,○,12000,"休憩(サービスタイム3部)(平日) + 延長3本",12000,"休憩(サービスタイム3部) + 延長3本"
17:30,17.5,7.5,○,13400,"休憩(サービスタイム3部)(平日) + 延長4本",13400,"休憩(サービスタイム3部) + 延長4本"
17:30,17.5,8,○,14800,"休憩(サービスタイム3部)(平日) + 延長5本",14800,"休憩(サービスタイム3部) + 延長5本"
17:30,17.5,8.5,○,15200,"前延長1本 + 宿泊1部(平日)",15200,"前延長1本 + 宿泊1部"
17:30,17.5,9,○,15200,"前延長1本 + 宿泊1部(平日)",15200,"前延長1本 + 宿泊1部"
17:30,17.5,9.5,○,15200,"前延長1本 + 宿泊1部(平日)",15200,"前延長1本 + 宿泊1部"
17:30,17.5,10,○,15200,"前延長1本 + 宿泊1部(平日)",15200,"前延長1本 + 宿泊1部"
17:30,17.5,10.5,○,15200,"前延長1本 + 宿泊1部(平日)",15200,"前延長1本 + 宿泊1部"
17:30,17.5,11,○,15200,"前延長1本 + 宿泊1部(平日)",15200,"前延長1本 + 宿泊1部"
17:30,17.5,11.5,○,15200,"前延長1本 + 宿泊1部(平日)",15200,"前延長1本 + 宿泊1部"
17:30,17.5,12,○,15200,"前延長1本 + 宿泊1部(平日)",15200,"前延長1本 + 宿泊1部"
17:30,17.5,12.5,○,15200,"前延長1本 + 宿泊1部(平日)",15200,"前延長1本 + 宿泊1部"
17:30,17.5,13,○,15200,"前延長1本 + 宿泊1部(平日)",15200,"前延長1本 + 宿泊1部"
17:30,17.5,13.5,○,15200,"前延長1本 + 宿泊1部(平日)",15200,"前延長1本 + 宿泊1部"
17:30,17.5,14,○,15200,"前延長1本 + 宿泊1部(平日)",15200,"前延長1本 + 宿泊1部"
17:30,17.5,14.5,○,15200,"前延長1本 + 宿泊1部(平日)",15200,"前延長1本 + 宿泊1部"
17:30,17.5,15,○,15200,"前延長1本 + 宿泊1部(平日)",15200,"前延長1本 + 宿泊1部"
17:30,17.5,15.5,○,15200,"前延長1本 + 宿泊1部(平日)",15200,"前延長1本 + 宿泊1部"
17:30,17.5,16,○,15200,"前延長1本 + 宿泊1部(平日)",15200,"前延長1本 + 宿泊1部"
17:30,17.5,16.5,○,15200,"前延長1本 + 宿泊1部(平日)",15200,"前延長1本 + 宿泊1部"
17:30,17.5,17,○,15200,"前延長1本 + 宿泊1部(平日)",15200,"前延長1本 + 宿泊1部"
17:30,17.5,17.5,○,15200,"前延長1本 + 宿泊1部(平日)",15200,"前延長1本 + 宿泊1部"
17:30,17.5,18,○,15200,"前延長1本 + 宿泊1部(平日)",15200,"前延長1本 + 宿泊1部"
17:30,17.5,18.5,○,15200,"前延長1本 + 宿泊1部(平日)",15200,"前延長1本 + 宿泊1部"
17:30,17.5,19,○,16600,"前延長1本 + 宿泊1部(平日) + 延長 1本",16600,"前延長1本 + 宿泊1部 + 延長1本"
17:30,17.5,19.5,○,18000,"前延長1本 + 宿泊1部(平日) + 延長 2本",18000,"前延長1本 + 宿泊1部 + 延長2本"
17:30,17.5,20,○,19400,"前延長1本 + 宿泊1部(平日) + 延長 3本",19400,"前延長1本 + 宿泊1部 + 延長3本"
17:30,17.5,20.5,○,20800,"前延長1本 + 宿泊1部(平日) + 延長 4本",20800,"前延長1本 + 宿泊1部 + 延長4本"
17:30,17.5,21,○,22200,"前延長1本 + 宿泊1部(平日) + 延長 5本",22200,"前延長1本 + 宿泊1部 + 延長5本"
17:30,17.5,21.5,○,23000,"前延長1本 + 宿泊1部(平日) + 休憩(サービスタイム2部)",23000,"前延長1本 + 宿泊1部 + 休憩(M時間)"
17:30,17.5,22,○,23000,"前延長1本 + 宿泊1部(平日) + 休憩(サービスタイム2部)",23000,"前延長1本 + 宿泊1部 + 休憩(M時間)"
17:30,17.5,22.5,○,23000,"前延長1本 + 宿泊1部(平日) + 休憩(サービスタイム2部)",23000,"前延長1本 + 宿泊1部 + 休憩(M時間)"
17:30,17.5,23,○,23000,"前延長1本 + 宿泊1部(平日) + 休憩(サービスタイム2部)",23000,"前延長1本 + 宿泊1部 + 休憩(M時間)"
17:30,17.5,23.5,○,23000,"前延長1本 + 宿泊1部(平日) + 休憩(サービスタイム2部)",23000,"前延長1本 + 宿泊1部 + 休憩(M時間)"
17:30,17.5,24,○,23000,"前延長1本 + 宿泊1部(平日) + 休憩(サービスタイム2部)",23000,"前延長1本 + 宿泊1部 + 休憩(サービスタイム1部)"
18:00,18,0.5,○,6000,"ショート",6000,"ショート"
18:00,18,1,○,6000,"ショート",6000,"ショート"
18:00,18,1.5,○,6000,"ショート",6000,"ショート"
18:00,18,2,○,7400,"ショート + 延長1本",7400,"ショート + 延長1本"
18:00,18,2.5,○,7800,"休憩(5時間)",7800,"休憩(M時間)"
18:00,18,3,○,7800,"休憩(5時間)",7800,"休憩(M時間)"
18:00,18,3.5,○,7800,"休憩(5時間)",7800,"休憩(M時間)"
18:00,18,4,○,7800,"休憩(5時間)",7800,"休憩(M時間)"
18:00,18,4.5,○,7800,"休憩(5時間)",7800,"休憩(M時間)"
18:00,18,5,○,7800,"休憩(5時間)",7800,"休憩(M時間)"
18:00,18,5.5,○,9200,"休憩(5時間) + 延長1本",9200,"前延長1本 + 休憩(M時間)"
18:00,18,6,○,10600,"休憩(5時間) + 延長2本",10600,"前延長2本 + 休憩(M時間)"
18:00,18,6.5,○,12000,"休憩(5時間) + 延長3本",12000,"前延長3本 + 休憩(M時間)"
18:00,18,7,○,13400,"休憩(5時間) + 延長4本",13400,"前延長4本 + 休憩(M時間)"
18:00,18,7.5,○,13800,"宿泊1部(平日)",13800,"宿泊1部"
18:00,18,8,○,13800,"宿泊1部(平日)",13800,"宿泊1部"
18:00,18,8.5,○,13800,"宿泊1部(平日)",13800,"宿泊1部"
18:00,18,9,○,13800,"宿泊1部(平日)",13800,"宿泊1部"
18:00,18,9.5,○,13800,"宿泊1部(平日)",13800,"宿泊1部"
18:00,18,10,○,13800,"宿泊1部(平日)",13800,"宿泊1部"
18:00,18,10.5,○,13800,"宿泊1部(平日)",13800,"宿泊1部"
18:00,18,11,○,13800,"宿泊1部(平日)",13800,"宿泊1部"
18:00,18,11.5,○,13800,"宿泊1部(平日)",13800,"宿泊1部"
18:00,18,12,○,13800,"宿泊1部(平日)",13800,"宿泊1部"
18:00,18,12.5,○,13800,"宿泊1部(平日)",13800,"宿泊1部"
18:00,18,13,○,13800,"宿泊1部(平日)",13800,"宿泊1部"
18:00,18,13.5,○,13800,"宿泊1部(平日)",13800,"宿泊1部"
18:00,18,14,○,13800,"宿泊1部(平日)",13800,"宿泊1部"
18:00,18,14.5,○,13800,"宿泊1部(平日)",13800,"宿泊1部"
18:00,18,15,○,13800,"宿泊1部(平日)",13800,"宿泊1部"
18:00,18,15.5,○,13800,"宿泊1部(平日)",13800,"宿泊1部"
18:00,18,16,○,13800,"宿泊1部(平日)",13800,"宿泊1部"
18:00,18,16.5,○,13800,"宿泊1部(平日)",13800,"宿泊1部"
18:00,18,17,○,13800,"宿泊1部(平日)",13800,"宿泊1部"
18:00,18,17.5,○,13800,"宿泊1部(平日)",13800,"宿泊1部"
18:00,18,18,○,13800,"宿泊1部(平日)",13800,"宿泊1部"
18:00,18,18.5,○,15200,"宿泊1部(平日) + 延長1本",15200,"宿泊1部 + 延長1本"
18:00,18,19,○,16600,"宿泊1部(平日) + 延長2本",16600,"宿泊1部 + 延長2本"
18:00,18,19.5,○,18000,"宿泊1部(平日) + 延長3本",18000,"宿泊1部 + 延長3本"
18:00,18,20,○,19400,"宿泊1部(平日) + 延長4本",19400,"宿泊1部 + 延長4本"
18:00,18,20.5,○,20800,"宿泊1部(平日) + 延長5本",20800,"宿泊1部 + 延長5本"
18:00,18,21,○,21600,"宿泊1部(平日) + 休憩(サービスタイム2部)",21600,"宿泊1部 + 休憩(M時間)"
18:00,18,21.5,○,21600,"宿泊1部(平日) + 休憩(サービスタイム2部)",21600,"宿泊1部 + 休憩(M時間)"
18:00,18,22,○,21600,"宿泊1部(平日) + 休憩(サービスタイム2部)",21600,"宿泊1部 + 休憩(M時間)"
18:00,18,22.5,○,21600,"宿泊1部(平日) + 休憩(サービスタイム2部)",21600,"宿泊1部 + 休憩(M時間)"
18:00,18,23,○,21600,"宿泊1部(平日) + 休憩(サービスタイム2部)",21600,"宿泊1部 + 休憩(M時間)"
18:00,18,23.5,○,21600,"宿泊1部(平日) + 休憩(サービスタイム2部)",21600,"宿泊1部 + 休憩(サービスタイム1部)"
18:00,18,24,○,21600,"宿泊1部(平日) + 休憩(サービスタイム2部)",21600,"宿泊1部 + 休憩(サービスタイム1部)"
18:30,18.5,0.5,○,6000,"ショート",6000,"ショート"
18:30,18.5,1,○,6000,"ショート",6000,"ショート"
18:30,18.5,1.5,○,6000,"ショート",6000,"ショート"
18:30,18.5,2,○,7400,"ショート + 延長1本",7400,"ショート + 延長1本"
18:30,18.5,2.5,○,7800,"休憩(5時間)",7800,"休憩(M時間)"
18:30,18.5,3,○,7800,"休憩(5時間)",7800,"休憩(M時間)"
18:30,18.5,3.5,○,7800,"休憩(5時間)",7800,"休憩(M時間)"
18:30,18.5,4,○,7800,"休憩(5時間)",7800,"休憩(M時間)"
18:30,18.5,4.5,○,7800,"休憩(5時間)",7800,"休憩(M時間)"
18:30,18.5,5,○,7800,"休憩(5時間)",7800,"休憩(M時間)"
18:30,18.5,5.5,○,9200,"休憩(5時間) + 延長1本",9200,"前延長1本 + 休憩(M時間)"
18:30,18.5,6,○,10600,"休憩(5時間) + 延長2本",10600,"前延長2本 + 休憩(M時間)"
18:30,18.5,6.5,○,12000,"休憩(5時間) + 延長3本",12000,"前延長3本 + 休憩(M時間)"
18:30,18.5,7,○,13400,"休憩(5時間) + 延長4本",13400,"前延長4本 + 休憩(M時間)"
18:30,18.5,7.5,○,13800,"宿泊1部(平日)",13800,"宿泊1部"
18:30,18.5,8,○,13800,"宿泊1部(平日)",13800,"宿泊1部"
18:30,18.5,8.5,○,13800,"宿泊1部(平日)",13800,"宿泊1部"
18:30,18.5,9,○,13800,"宿泊1部(平日)",13800,"宿泊1部"
18:30,18.5,9.5,○,13800,"宿泊1部(平日)",13800,"宿泊1部"
18:30,18.5,10,○,13800,"宿泊1部(平日)",13800,"宿泊1部"
18:30,18.5,10.5,○,13800,"宿泊1部(平日)",13800,"宿泊1部"
18:30,18.5,11,○,13800,"宿泊1部(平日)",13800,"宿泊1部"
18:30,18.5,11.5,○,13800,"宿泊1部(平日)",13800,"宿泊1部"
18:30,18.5,12,○,13800,"宿泊1部(平日)",13800,"宿泊1部"
18:30,18.5,12.5,○,13800,"宿泊1部(平日)",13800,"宿泊1部"
18:30,18.5,13,○,13800,"宿泊1部(平日)",13800,"宿泊1部"
18:30,18.5,13.5,○,13800,"宿泊1部(平日)",13800,"宿泊1部"
18:30,18.5,14,○,13800,"宿泊1部(平日)",13800,"宿泊1部"
18:30,18.5,14.5,○,13800,"宿泊1部(平日)",13800,"宿泊1部"
18:30,18.5,15,○,13800,"宿泊1部(平日)",13800,"宿泊1部"
18:30,18.5,15.5,○,13800,"宿泊1部(平日)",13800,"宿泊1部"
18:30,18.5,16,○,13800,"宿泊1部(平日)",13800,"宿泊1部"
18:30,18.5,16.5,○,13800,"宿泊1部(平日)",13800,"宿泊1部"
18:30,18.5,17,○,13800,"宿泊1部(平日)",13800,"宿泊1部"
18:30,18.5,17.5,○,13800,"宿泊1部(平日)",13800,"宿泊1部"
18:30,18.5,18,○,15200,"宿泊1部(平日) + 延長1本",15200,"宿泊1部 + 延長1本"
18:30,18.5,18.5,○,16600,"宿泊1部(平日) + 延長2本",16600,"宿泊1部 + 延長2本"
18:30,18.5,19,○,18000,"宿泊1部(平日) + 延長3本",18000,"宿泊1部 + 延長3本"
18:30,18.5,19.5,○,19400,"宿泊1部(平日) + 延長4本",19400,"宿泊1部 + 延長4本"
18:30,18.5,20,○,20800,"宿泊1部(平日) + 延長5本",20800,"宿泊1部 + 延長5本"
18:30,18.5,20.5,○,21600,"宿泊1部(平日) + 休憩(サービスタイム2部)",21600,"宿泊1部 + 休憩(M時間)"
18:30,18.5,21,○,21600,"宿泊1部(平日) + 休憩(サービスタイム2部)",21600,"宿泊1部 + 休憩(M時間)"
18:30,18.5,21.5,○,21600,"宿泊1部(平日) + 休憩(サービスタイム2部)",21600,"宿泊1部 + 休憩(M時間)"
18:30,18.5,22,○,21600,"宿泊1部(平日) + 休憩(サービスタイム2部)",21600,"宿泊1部 + 休憩(M時間)"
18:30,18.5,22.5,○,21600,"宿泊1部(平日) + 休憩(サービスタイム2部)",21600,"宿泊1部 + 休憩(M時間)"
18:30,18.5,23,○,21600,"宿泊1部(平日) + 休憩(サービスタイム2部)",21600,"宿泊1部 + 休憩(サービスタイム1部)"
18:30,18.5,23.5,○,21600,"宿泊1部(平日) + 休憩(サービスタイム2部)",21600,"宿泊1部 + 休憩(サービスタイム1部)"
18:30,18.5,24,○,21600,"宿泊1部(平日) + 休憩(サービスタイム2部)",21600,"宿泊1部 + 休憩(サービスタイム2部)"
19:00,19,0.5,○,6000,"ショート",6000,"ショート"
19:00,19,1,○,6000,"ショート",6000,"ショート"
19:00,19,1.5,○,6000,"ショート",6000,"ショート"
19:00,19,2,○,7400,"ショート + 延長1本",7400,"ショート + 延長1本"
19:00,19,2.5,○,7800,"休憩(5時間)",7800,"休憩(M時間)"
19:00,19,3,○,7800,"休憩(5時間)",7800,"休憩(M時間)"
19:00,19,3.5,○,7800,"休憩(5時間)",7800,"休憩(M時間)"
19:00,19,4,○,7800,"休憩(5時間)",7800,"休憩(M時間)"
19:00,19,4.5,○,7800,"休憩(5時間)",7800,"休憩(M時間)"
19:00,19,5,○,7800,"休憩(5時間)",7800,"休憩(M時間)"
19:00,19,5.5,○,9200,"休憩(5時間) + 延長1本",9200,"前延長1本 + 休憩(M時間)"
19:00,19,6,○,10600,"休憩(5時間) + 延長2本",10600,"前延長2本 + 休憩(M時間)"
19:00,19,6.5,○,12000,"休憩(5時間) + 延長3本",12000,"前延長3本 + 休憩(M時間)"
19:00,19,7,○,13400,"休憩(5時間) + 延長4本",13400,"前延長4本 + 休憩(M時間)"
19:00,19,7.5,○,13800,"宿泊1部(平日)",13800,"宿泊1部"
19:00,19,8,○,13800,"宿泊1部(平日)",13800,"宿泊1部"
19:00,19,8.5,○,13800,"宿泊1部(平日)",13800,"宿泊1部"
19:00,19,9,○,13800,"宿泊1部(平日)",13800,"宿泊1部"
19:00,19,9.5,○,13800,"宿泊1部(平日)",13800,"宿泊1部"
19:00,19,10,○,13800,"宿泊1部(平日)",13800,"宿泊1部"
19:00,19,10.5,○,13800,"宿泊1部(平日)",13800,"宿泊1部"
19:00,19,11,○,13800,"宿泊1部(平日)",13800,"宿泊1部"
19:00,19,11.5,○,13800,"宿泊1部(平日)",13800,"宿泊1部"
19:00,19,12,○,13800,"宿泊1部(平日)",13800,"宿泊1部"
19:00,19,12.5,○,13800,"宿泊1部(平日)",13800,"宿泊1部"
19:00,19,13,○,13800,"宿泊1部(平日)",13800,"宿泊1部"
19:00,19,13.5,○,13800,"宿泊1部(平日)",13800,"宿泊1部"
19:00,19,14,○,13800,"宿泊1部(平日)",13800,"宿泊1部"
19:00,19,14.5,○,13800,"宿泊1部(平日)",13800,"宿泊1部"
19:00,19,15,○,13800,"宿泊1部(平日)",13800,"宿泊1部"
19:00,19,15.5,○,13800,"宿泊1部(平日)",13800,"宿泊1部"
19:00,19,16,○,13800,"宿泊1部(平日)",13800,"宿泊1部"
19:00,19,16.5,○,13800,"宿泊1部(平日)",13800,"宿泊1部"
19:00,19,17,○,13800,"宿泊1部(平日)",13800,"宿泊1部"
19:00,19,17.5,○,15200,"宿泊1部(平日) + 延長1本",15200,"宿泊1部 + 延長1本"
19:00,19,18,○,16600,"宿泊1部(平日) + 延長2本",16600,"宿泊1部 + 延長2本"
19:00,19,18.5,○,18000,"宿泊1部(平日) + 延長3本",18000,"宿泊1部 + 延長3本"
19:00,19,19,○,19400,"宿泊1部(平日) + 延長4本",19400,"宿泊1部 + 延長4本"
19:00,19,19.5,○,20800,"宿泊1部(平日) + 延長5本",20800,"宿泊1部 + 延長5本"
19:00,19,20,○,21600,"宿泊1部(平日) + 休憩(サービスタイム2部)",21600,"宿泊1部 + 休憩(M時間)"
19:00,19,20.5,○,21600,"宿泊1部(平日) + 休憩(サービスタイム2部)",21600,"宿泊1部 + 休憩(M時間)"
19:00,19,21,○,21600,"宿泊1部(平日) + 休憩(サービスタイム2部)",21600,"宿泊1部 + 休憩(M時間)"
19:00,19,21.5,○,21600,"宿泊1部(平日) + 休憩(サービスタイム2部)",21600,"宿泊1部 + 休憩(M時間)"
19:00,19,22,○,21600,"宿泊1部(平日) + 休憩(サービスタイム2部)",21600,"宿泊1部 + 休憩(M時間)"
19:00,19,22.5,○,21600,"宿泊1部(平日) + 休憩(サービスタイム2部)",21600,"宿泊1部 + 休憩(サービスタイム1部)"
19:00,19,23,○,21600,"宿泊1部(平日) + 休憩(サービスタイム2部)",21600,"宿泊1部 + 休憩(サービスタイム1部)"
19:00,19,23.5,○,21600,"宿泊1部(平日) + 休憩(サービスタイム2部)",21600,"宿泊1部 + 休憩(サービスタイム2部)"
19:00,19,24,○,21600,"宿泊1部(平日) + 休憩(サービスタイム2部)",21600,"宿泊1部 + 休憩(サービスタイム2部)"
19:30,19.5,0.5,○,6000,"ショート",6000,"ショート"
19:30,19.5,1,○,6000,"ショート",6000,"ショート"
19:30,19.5,1.5,○,6000,"ショート",6000,"ショート"
19:30,19.5,2,○,7400,"ショート + 延長1本",7400,"ショート + 延長1本"
19:30,19.5,2.5,○,7800,"休憩(5時間)",7800,"休憩(M時間)"
19:30,19.5,3,○,7800,"休憩(5時間)",7800,"休憩(M時間)"
19:30,19.5,3.5,○,7800,"休憩(5時間)",7800,"休憩(M時間)"
19:30,19.5,4,○,7800,"休憩(5時間)",7800,"休憩(M時間)"
19:30,19.5,4.5,○,7800,"休憩(5時間)",7800,"休憩(M時間)"
19:30,19.5,5,○,7800,"休憩(5時間)",7800,"休憩(M時間)"
19:30,19.5,5.5,○,9200,"休憩(5時間) + 延長1本",9200,"前延長1本 + 休憩(M時間)"
19:30,19.5,6,○,10600,"休憩(5時間) + 延長2本",10600,"前延長2本 + 休憩(M時間)"
19:30,19.5,6.5,○,12000,"休憩(5時間) + 延長3本",12000,"前延長3本 + 休憩(M時間)"
19:30,19.5,7,×,13800,"宿泊1部(平日)",13400,"前延長3本 + 休憩(M時間) + 延長1本"
19:30,19.5,7.5,○,13800,"宿泊1部(平日)",13800,"宿泊1部"
19:30,19.5,8,○,13800,"宿泊1部(平日)",13800,"宿泊1部"
19:30,19.5,8.5,○,13800,"宿泊1部(平日)",13800,"宿泊1部"
19:30,19.5,9,○,13800,"宿泊1部(平日)",13800,"宿泊1部"
19:30,19.5,9.5,○,13800,"宿泊1部(平日)",13800,"宿泊1部"
19:30,19.5,10,○,13800,"宿泊1部(平日)",13800,"宿泊1部"
19:30,19.5,10.5,○,13800,"宿泊1部(平日)",13800,"宿泊1部"
19:30,19.5,11,○,13800,"宿泊1部(平日)",13800,"宿泊1部"
19:30,19.5,11.5,○,13800,"宿泊1部(平日)",13800,"宿泊1部"
19:30,19.5,12,○,13800,"宿泊1部(平日)",13800,"宿泊1部"
19:30,19.5,12.5,○,13800,"宿泊1部(平日)",13800,"宿泊1部"
19:30,19.5,13,○,13800,"宿泊1部(平日)",13800,"宿泊1部"
19:30,19.5,13.5,○,13800,"宿泊1部(平日)",13800,"宿泊1部"
19:30,19.5,14,○,13800,"宿泊1部(平日)",13800,"宿泊1部"
19:30,19.5,14.5,○,13800,"宿泊1部(平日)",13800,"宿泊1部"
19:30,19.5,15,○,13800,"宿泊1部(平日)",13800,"宿泊1部"
19:30,19.5,15.5,○,13800,"宿泊1部(平日)",13800,"宿泊1部"
19:30,19.5,16,○,13800,"宿泊1部(平日)",13800,"宿泊1部"
19:30,19.5,16.5,○,13800,"宿泊1部(平日)",13800,"宿泊1部"
19:30,19.5,17,○,15200,"宿泊1部(平日) + 延長1本",15200,"宿泊1部 + 延長1本"
19:30,19.5,17.5,○,16600,"宿泊1部(平日) + 延長2本",16600,"宿泊1部 + 延長2本"
19:30,19.5,18,○,18000,"宿泊1部(平日) + 延長3本",18000,"宿泊1部 + 延長3本"
19:30,19.5,18.5,○,19400,"宿泊1部(平日) + 延長4本",19400,"宿泊1部 + 延長4本"
19:30,19.5,19,○,20800,"宿泊1部(平日) + 延長5本",20800,"宿泊1部 + 延長5本"
19:30,19.5,19.5,○,21600,"宿泊1部(平日) + 休憩(サービスタイム2部)",21600,"宿泊1部 + 休憩(M時間)"
19:30,19.5,20,○,21600,"宿泊1部(平日) + 休憩(サービスタイム2部)",21600,"宿泊1部 + 休憩(M時間)"
19:30,19.5,20.5,○,21600,"宿泊1部(平日) + 休憩(サービスタイム2部)",21600,"宿泊1部 + 休憩(M時間)"
19:30,19.5,21,○,21600,"宿泊1部(平日) + 休憩(サービスタイム2部)",21600,"宿泊1部 + 休憩(M時間)"
19:30,19.5,21.5,○,21600,"宿泊1部(平日) + 休憩(サービスタイム2部)",21600,"宿泊1部 + 休憩(M時間)"
19:30,19.5,22,○,21600,"宿泊1部(平日) + 休憩(サービスタイム2部)",21600,"宿泊1部 + 休憩(サービスタイム1部)"
19:30,19.5,22.5,○,21600,"宿泊1部(平日) + 休憩(サービスタイム2部)",21600,"宿泊1部 + 休憩(サービスタイム1部)"
19:30,19.5,23,○,21600,"宿泊1部(平日) + 休憩(サービスタイム2部)",21600,"宿泊1部 + 休憩(サービスタイム2部)"
19:30,19.5,23.5,○,21600,"宿泊1部(平日) + 休憩(サービスタイム2部)",21600,"宿泊1部 + 休憩(サービスタイム2部)"
19:30,19.5,24,○,21600,"宿泊1部(平日) + 休憩(サービスタイム2部)",21600,"宿泊1部 + 休憩(サービスタイム2部)"
20:00,20,0.5,○,6000,"ショート",6000,"ショート"
20:00,20,1,○,6000,"ショート",6000,"ショート"
20:00,20,1.5,○,6000,"ショート",6000,"ショート"
20:00,20,2,○,7400,"ショート + 延長1本",7400,"ショート + 延長1本"
20:00,20,2.5,○,7800,"休憩(5時間)",7800,"休憩(M時間)"
20:00,20,3,○,7800,"休憩(5時間)",7800,"休憩(M時間)"
20:00,20,3.5,○,7800,"休憩(5時間)",7800,"休憩(M時間)"
20:00,20,4,○,7800,"休憩(5時間)",7800,"休憩(M時間)"
20:00,20,4.5,○,7800,"休憩(5時間)",7800,"休憩(M時間)"
20:00,20,5,○,7800,"休憩(5時間)",7800,"休憩(M時間)"
20:00,20,5.5,○,9200,"休憩(5時間) + 延長1本",9200,"前延長1本 + 休憩(M時間)"
20:00,20,6,○,10600,"休憩(5時間) + 延長2本",10600,"前延長2本 + 休憩(M時間)"
20:00,20,6.5,×,13800,"宿泊1部(平日)",12000,"前延長2本 + 休憩(M時間) + 延長1本"
20:00,20,7,×,13800,"宿泊1部(平日)",13400,"前延長2本 + 休憩(M時間) + 延長2本"
20:00,20,7.5,○,13800,"宿泊1部(平日)",13800,"宿泊1部"
20:00,20,8,○,13800,"宿泊1部(平日)",13800,"宿泊1部"
20:00,20,8.5,○,13800,"宿泊1部(平日)",13800,"宿泊1部"
20:00,20,9,○,13800,"宿泊1部(平日)",13800,"宿泊1部"
20:00,20,9.5,○,13800,"宿泊1部(平日)",13800,"宿泊1部"
20:00,20,10,○,13800,"宿泊1部(平日)",13800,"宿泊1部"
20:00,20,10.5,○,13800,"宿泊1部(平日)",13800,"宿泊1部"
20:00,20,11,○,13800,"宿泊1部(平日)",13800,"宿泊1部"
20:00,20,11.5,○,13800,"宿泊1部(平日)",13800,"宿泊1部"
20:00,20,12,○,13800,"宿泊1部(平日)",13800,"宿泊1部"
20:00,20,12.5,○,13800,"宿泊1部(平日)",13800,"宿泊1部"
20:00,20,13,○,13800,"宿泊1部(平日)",13800,"宿泊1部"
20:00,20,13.5,○,13800,"宿泊1部(平日)",13800,"宿泊1部"
20:00,20,14,○,13800,"宿泊1部(平日)",13800,"宿泊1部"
20:00,20,14.5,○,13800,"宿泊1部(平日)",13800,"宿泊1部"
20:00,20,15,○,13800,"宿泊1部(平日)",13800,"宿泊1部"
20:00,20,15.5,○,13800,"宿泊1部(平日)",13800,"宿泊1部"
20:00,20,16,○,13800,"宿泊1部(平日)",13800,"宿泊1部"
20:00,20,16.5,○,15200,"宿泊1部(平日) + 延長1本",15200,"宿泊1部 + 延長1本"
20:00,20,17,○,16600,"宿泊1部(平日) + 延長2本",16600,"宿泊1部 + 延長2本"
20:00,20,17.5,○,18000,"宿泊1部(平日) + 延長3本",18000,"宿泊1部 + 延長3本"
20:00,20,18,○,19400,"宿泊1部(平日) + 延長4本",19400,"前延長4本 + 宿泊2部"
20:00,20,18.5,○,20800,"宿泊1部(平日) + 延長5本",20800,"前延長4本 + 宿泊2部 + 延長1本"
20:00,20,19,○,21600,"宿泊1部(平日) + 休憩(サービスタイム2部)",21600,"宿泊1部 + 休憩(M時間)"
20:00,20,19.5,○,21600,"宿泊1部(平日) + 休憩(サービスタイム2部)",21600,"宿泊1部 + 休憩(M時間)"
20:00,20,20,○,21600,"宿泊1部(平日) + 休憩(サービスタイム2部)",21600,"宿泊1部 + 休憩(M時間)"
20:00,20,20.5,○,21600,"宿泊1部(平日) + 休憩(サービスタイム2部)",21600,"宿泊1部 + 休憩(M時間)"
20:00,20,21,○,21600,"宿泊1部(平日) + 休憩(サービスタイム2部)",21600,"宿泊1部 + 休憩(M時間)"
20:00,20,21.5,○,21600,"宿泊1部(平日) + 休憩(サービスタイム2部)",21600,"宿泊1部 + 休憩(サービスタイム1部)"
20:00,20,22,○,21600,"宿泊1部(平日) + 休憩(サービスタイム2部)",21600,"宿泊1部 + 休憩(サービスタイム1部)"
20:00,20,22.5,○,21600,"宿泊1部(平日) + 休憩(サービスタイム2部)",21600,"宿泊1部 + 休憩(サービスタイム2部)"
20:00,20,23,○,21600,"宿泊1部(平日) + 休憩(サービスタイム2部)",21600,"宿泊1部 + 休憩(サービスタイム2部)"
20:00,20,23.5,○,21600,"宿泊1部(平日) + 休憩(サービスタイム2部)",21600,"宿泊1部 + 休憩(サービスタイム2部)"
20:00,20,24,○,21600,"宿泊1部(平日) + 休憩(サービスタイム2部)",21600,"宿泊1部 + 休憩(サービスタイム2部)"
20:30,20.5,0.5,○,6000,"ショート",6000,"ショート"
20:30,20.5,1,○,6000,"ショート",6000,"ショート"
20:30,20.5,1.5,○,6000,"ショート",6000,"ショート"
20:30,20.5,2,○,7400,"ショート + 延長1本",7400,"ショート + 延長1本"
20:30,20.5,2.5,○,7800,"休憩(5時間)",7800,"休憩(M時間)"
20:30,20.5,3,○,7800,"休憩(5時間)",7800,"休憩(M時間)"
20:30,20.5,3.5,○,7800,"休憩(5時間)",7800,"休憩(M時間)"
20:30,20.5,4,○,7800,"休憩(5時間)",7800,"休憩(M時間)"
20:30,20.5,4.5,○,7800,"休憩(5時間)",7800,"休憩(M時間)"
20:30,20.5,5,○,7800,"休憩(5時間)",7800,"休憩(M時間)"
20:30,20.5,5.5,○,9200,"休憩(5時間) + 延長1本",9200,"前延長1本 + 休憩(M時間)"
20:30,20.5,6,×,13800,"宿泊1部(平日)",10600,"前延長1本 + 休憩(M時間) + 延長1本"
20:30,20.5,6.5,×,13800,"宿泊1部(平日)",12000,"前延長1本 + 休憩(M時間) + 延長2本"
20:30,20.5,7,×,13800,"宿泊1部(平日)",13400,"前延長1本 + 休憩(M時間) + 延長3本"
20:30,20.5,7.5,○,13800,"宿泊1部(平日)",13800,"宿泊1部"
20:30,20.5,8,○,13800,"宿泊1部(平日)",13800,"宿泊1部"
20:30,20.5,8.5,○,13800,"宿泊1部(平日)",13800,"宿泊1部"
20:30,20.5,9,○,13800,"宿泊1部(平日)",13800,"宿泊1部"
20:30,20.5,9.5,○,13800,"宿泊1部(平日)",13800,"宿泊1部"
20:30,20.5,10,○,13800,"宿泊1部(平日)",13800,"宿泊1部"
20:30,20.5,10.5,○,13800,"宿泊1部(平日)",13800,"宿泊1部"
20:30,20.5,11,○,13800,"宿泊1部(平日)",13800,"宿泊1部"
20:30,20.5,11.5,○,13800,"宿泊1部(平日)",13800,"宿泊1部"
20:30,20.5,12,○,13800,"宿泊1部(平日)",13800,"宿泊1部"
20:30,20.5,12.5,○,13800,"宿泊1部(平日)",13800,"宿泊1部"
20:30,20.5,13,○,13800,"宿泊1部(平日)",13800,"宿泊1部"
20:30,20.5,13.5,○,13800,"宿泊1部(平日)",13800,"宿泊1部"
20:30,20.5,14,○,13800,"宿泊1部(平日)",13800,"宿泊1部"
20:30,20.5,14.5,○,13800,"宿泊1部(平日)",13800,"宿泊1部"
20:30,20.5,15,○,13800,"宿泊1部(平日)",13800,"宿泊1部"
20:30,20.5,15.5,○,13800,"宿泊1部(平日)",13800,"宿泊1部"
20:30,20.5,16,○,15200,"宿泊1部(平日) + 延長1本",15200,"宿泊1部 + 延長1本"
20:30,20.5,16.5,○,16600,"宿泊1部(平日) + 延長2本",16600,"宿泊1部 + 延長2本"
20:30,20.5,17,○,18000,"前延長3本 + 宿泊2部(平日)",18000,"前延長3本 + 宿泊2部"
20:30,20.5,17.5,○,18000,"前延長3本 + 宿泊2部(平日)",18000,"前延長3本 + 宿泊2部"
20:30,20.5,18,○,19400,"前延長3本 + 宿泊2部(平日) + 延長 1本",19400,"前延長3本 + 宿泊2部 + 延長1本"
20:30,20.5,18.5,○,20800,"前延長3本 + 宿泊2部(平日) + 延長 2本",20800,"前延長3本 + 宿泊2部 + 延長2本"
20:30,20.5,19,○,21600,"宿泊1部(平日) + 休憩(サービスタイム2部)",21600,"宿泊1部 + 休憩(M時間)"
20:30,20.5,19.5,○,21600,"宿泊1部(平日) + 休憩(サービスタイム2部)",21600,"宿泊1部 + 休憩(M時間)"
20:30,20.5,20,○,21600,"宿泊1部(平日) + 休憩(サービスタイム2部)",21600,"宿泊1部 + 休憩(M時間)"
20:30,20.5,20.5,○,21600,"宿泊1部(平日) + 休憩(サービスタイム2部)",21600,"宿泊1部 + 休憩(M時間)"
20:30,20.5,21,○,21600,"宿泊1部(平日) + 休憩(サービスタイム2部)",21600,"宿泊1部 + 休憩(サービスタイム1部)"
20:30,20.5,21.5,○,21600,"宿泊1部(平日) + 休憩(サービスタイム2部)",21600,"宿泊1部 + 休憩(サービスタイム1部)"
20:30,20.5,22,○,21600,"宿泊1部(平日) + 休憩(サービスタイム2部)",21600,"宿泊1部 + 休憩(サービスタイム2部)"
20:30,20.5,22.5,○,21600,"宿泊1部(平日) + 休憩(サービスタイム2部)",21600,"宿泊1部 + 休憩(サービスタイム2部)"
20:30,20.5,23,○,21600,"宿泊1部(平日) + 休憩(サービスタイム2部)",21600,"宿泊1部 + 休憩(サービスタイム2部)"
20:30,20.5,23.5,○,21600,"宿泊1部(平日) + 休憩(サービスタイム2部)",21600,"宿泊1部 + 休憩(サービスタイム2部)"
20:30,20.5,24,○,23000,"宿泊1部(平日) + 休憩(サービスタイム2部) + 延長1本",23000,"宿泊1部 + 休憩(サービスタイム2部) + 延長1本"
21:00,21,0.5,○,6000,"ショート",6000,"ショート"
21:00,21,1,○,6000,"ショート",6000,"ショート"
21:00,21,1.5,○,6000,"ショート",6000,"ショート"
21:00,21,2,○,7400,"ショート + 延長1本",7400,"ショート + 延長1本"
21:00,21,2.5,○,7800,"休憩(5時間)",7800,"休憩(M時間)"
21:00,21,3,○,7800,"休憩(5時間)",7800,"休憩(M時間)"
21:00,21,3.5,○,7800,"休憩(5時間)",7800,"休憩(M時間)"
21:00,21,4,○,7800,"休憩(5時間)",7800,"休憩(M時間)"
21:00,21,4.5,○,7800,"休憩(5時間)",7800,"休憩(M時間)"
21:00,21,5,○,7800,"休憩(5時間)",7800,"休憩(M時間)"
21:00,21,5.5,×,13800,"宿泊1部(平日)",9200,"休憩(M時間) + 延長1本"
21:00,21,6,×,13800,"宿泊1部(平日)",10600,"休憩(M時間) + 延長2本"
21:00,21,6.5,×,13800,"宿泊1部(平日)",12000,"休憩(M時間) + 延長3本"
21:00,21,7,×,13800,"宿泊1部(平日)",13400,"休憩(M時間) + 延長4本"
21:00,21,7.5,○,13800,"宿泊1部(平日)",13800,"宿泊1部"
21:00,21,8,○,13800,"宿泊1部(平日)",13800,"宿泊1部"
21:00,21,8.5,○,13800,"宿泊1部(平日)",13800,"宿泊1部"
21:00,21,9,○,13800,"宿泊1部(平日)",13800,"宿泊1部"
21:00,21,9.5,○,13800,"宿泊1部(平日)",13800,"宿泊1部"
21:00,21,10,○,13800,"宿泊1部(平日)",13800,"宿泊1部"
21:00,21,10.5,○,13800,"宿泊1部(平日)",13800,"宿泊1部"
21:00,21,11,○,13800,"宿泊1部(平日)",13800,"宿泊1部"
21:00,21,11.5,○,13800,"宿泊1部(平日)",13800,"宿泊1部"
21:00,21,12,○,13800,"宿泊1部(平日)",13800,"宿泊1部"
21:00,21,12.5,○,13800,"宿泊1部(平日)",13800,"宿泊1部"
21:00,21,13,○,13800,"宿泊1部(平日)",13800,"宿泊1部"
21:00,21,13.5,○,13800,"宿泊1部(平日)",13800,"宿泊1部"
21:00,21,14,○,13800,"宿泊1部(平日)",13800,"宿泊1部"
21:00,21,14.5,○,13800,"宿泊1部(平日)",13800,"宿泊1部"
21:00,21,15,○,13800,"宿泊1部(平日)",13800,"宿泊1部"
21:00,21,15.5,○,15200,"宿泊1部(平日) + 延長1本",15200,"宿泊1部 + 延長1本"
21:00,21,16,○,16600,"前延長2本 + 宿泊2部(平日)",16600,"前延長2本 + 宿泊2部"
21:00,21,16.5,○,16600,"前延長2本 + 宿泊2部(平日)",16600,"前延長2本 + 宿泊2部"
21:00,21,17,○,16600,"前延長2本 + 宿泊2部(平日)",16600,"前延長2本 + 宿泊2部"
21:00,21,17.5,○,18000,"前延長2本 + 宿泊2部(平日) + 延長 1本",18000,"前延長2本 + 宿泊2部 + 延長1本"
21:00,21,18,○,19400,"前延長2本 + 宿泊2部(平日) + 延長 2本",19400,"前延長2本 + 宿泊2部 + 延長2本"
21:00,21,18.5,○,20800,"前延長2本 + 宿泊2部(平日) + 延長 3本",20800,"前延長2本 + 宿泊2部 + 延長3本"
21:00,21,19,○,21600,"宿泊1部(平日) + 休憩(サービスタイム2部)",21600,"宿泊1部 + 休憩(M時間)"
21:00,21,19.5,○,21600,"宿泊1部(平日) + 休憩(サービスタイム2部)",21600,"宿泊1部 + 休憩(M時間)"
21:00,21,20,○,21600,"宿泊1部(平日) + 休憩(サービスタイム2部)",21600,"宿泊1部 + 休憩(M時間)"
21:00,21,20.5,○,21600,"宿泊1部(平日) + 休憩(サービスタイム2部)",21600,"宿泊1部 + 休憩(サービスタイム1部)"
21:00,21,21,○,21600,"宿泊1部(平日) + 休憩(サービスタイム2部)",21600,"宿泊1部 + 休憩(サービスタイム1部)"
21:00,21,21.5,○,21600,"宿泊1部(平日) + 休憩(サービスタイム2部)",21600,"宿泊1部 + 休憩(サービスタイム2部)"
21:00,21,22,○,21600,"宿泊1部(平日) + 休憩(サービスタイム2部)",21600,"宿泊1部 + 休憩(サービスタイム2部)"
21:00,21,22.5,○,21600,"宿泊1部(平日) + 休憩(サービスタイム2部)",21600,"宿泊1部 + 休憩(サービスタイム2部)"
21:00,21,23,○,21600,"宿泊1部(平日) + 休憩(サービスタイム2部)",21600,"宿泊1部 + 休憩(サービスタイム2部)"
21:00,21,23.5,○,23000,"宿泊1部(平日) + 休憩(サービスタイム2部) + 延長1本",23000,"宿泊1部 + 休憩(サービスタイム2部) + 延長1本"
21:00,21,24,○,24400,"前延長2本 + 宿泊2部(平日) + 休憩(サービスタイム3部)",24400,"前延長2本 + 宿泊2部 + 休憩(サービスタイム3部)"
21:30,21.5,0.5,○,6000,"ショート",6000,"ショート"
21:30,21.5,1,○,6000,"ショート",6000,"ショート"
21:30,21.5,1.5,○,6000,"ショート",6000,"ショート"
21:30,21.5,2,○,7400,"ショート + 延長1本",7400,"ショート + 延長1本"
21:30,21.5,2.5,○,7800,"休憩(5時間)",7800,"休憩(M時間)"
21:30,21.5,3,○,7800,"休憩(5時間)",7800,"休憩(M時間)"
21:30,21.5,3.5,○,7800,"休憩(5時間)",7800,"休憩(M時間)"
21:30,21.5,4,○,7800,"休憩(5時間)",7800,"休憩(M時間)"
21:30,21.5,4.5,○,7800,"休憩(5時間)",7800,"休憩(M時間)"
21:30,21.5,5,×,13800,"宿泊1部(平日)",9200,"休憩(M時間) + 延長1本"
21:30,21.5,5.5,×,13800,"宿泊1部(平日)",10600,"休憩(M時間) + 延長2本"
21:30,21.5,6,×,13800,"宿泊1部(平日)",12000,"休憩(M時間) + 延長3本"
21:30,21.5,6.5,×,13800,"宿泊1部(平日)",13400,"休憩(M時間) + 延長4本"
21:30,21.5,7,○,13800,"宿泊1部(平日)",13800,"宿泊1部"
21:30,21.5,7.5,○,13800,"宿泊1部(平日)",13800,"宿泊1部"
21:30,21.5,8,○,13800,"宿泊1部(平日)",13800,"宿泊1部"
21:30,21.5,8.5,○,13800,"宿泊1部(平日)",13800,"宿泊1部"
21:30,21.5,9,○,13800,"宿泊1部(平日)",13800,"宿泊1部"
21:30,21.5,9.5,○,13800,"宿泊1部(平日)",13800,"宿泊1部"
21:30,21.5,10,○,13800,"宿泊1部(平日)",13800,"宿泊1部"
21:30,21.5,10.5,○,13800,"宿泊1部(平日)",13800,"宿泊1部"
21:30,21.5,11,○,13800,"宿泊1部(平日)",13800,"宿泊1部"
21:30,21.5,11.5,○,13800,"宿泊1部(平日)",13800,"宿泊1部"
21:30,21.5,12,○,13800,"宿泊1部(平日)",13800,"宿泊1部"
21:30,21.5,12.5,○,13800,"宿泊1部(平日)",13800,"宿泊1部"
21:30,21.5,13,○,13800,"宿泊1部(平日)",13800,"宿泊1部"
21:30,21.5,13.5,○,13800,"宿泊1部(平日)",13800,"宿泊1部"
21:30,21.5,14,○,13800,"宿泊1部(平日)",13800,"宿泊1部"
21:30,21.5,14.5,○,13800,"宿泊1部(平日)",13800,"宿泊1部"
21:30,21.5,15,○,15200,"前延長1本 + 宿泊2部(平日)",15200,"前延長1本 + 宿泊2部"
21:30,21.5,15.5,○,15200,"前延長1本 + 宿泊2部(平日)",15200,"前延長1本 + 宿泊2部"
21:30,21.5,16,○,15200,"前延長1本 + 宿泊2部(平日)",15200,"前延長1本 + 宿泊2部"
21:30,21.5,16.5,○,15200,"前延長1本 + 宿泊2部(平日)",15200,"前延長1本 + 宿泊2部"
21:30,21.5,17,○,16600,"前延長1本 + 宿泊2部(平日) + 延長 1本",16600,"前延長1本 + 宿泊2部 + 延長1本"
21:30,21.5,17.5,○,18000,"前延長1本 + 宿泊2部(平日) + 延長 2本",18000,"前延長1本 + 宿泊2部 + 延長2本"
21:30,21.5,18,○,19400,"前延長1本 + 宿泊2部(平日) + 延長 3本",19400,"前延長1本 + 宿泊2部 + 延長3本"
21:30,21.5,18.5,○,20800,"前延長1本 + 宿泊2部(平日) + 延長 4本",20800,"前延長1本 + 宿泊2部 + 延長4本"
21:30,21.5,19,○,21600,"宿泊1部(平日) + 休憩(サービスタイム2部)",21600,"宿泊1部 + 休憩(M時間)"
21:30,21.5,19.5,○,21600,"宿泊1部(平日) + 休憩(サービスタイム2部)",21600,"宿泊1部 + 休憩(M時間)"
21:30,21.5,20,○,21600,"宿泊1部(平日) + 休憩(サービスタイム2部)",21600,"宿泊1部 + 休憩(サービスタイム1部)"
21:30,21.5,20.5,○,21600,"宿泊1部(平日) + 休憩(サービスタイム2部)",21600,"宿泊1部 + 休憩(サービスタイム1部)"
21:30,21.5,21,○,21600,"宿泊1部(平日) + 休憩(サービスタイム2部)",21600,"宿泊1部 + 休憩(サービスタイム2部)"
21:30,21.5,21.5,○,21600,"宿泊1部(平日) + 休憩(サービスタイム2部)",21600,"宿泊1部 + 休憩(サービスタイム2部)"
21:30,21.5,22,○,21600,"宿泊1部(平日) + 休憩(サービスタイム2部)",21600,"宿泊1部 + 休憩(サービスタイム2部)"
21:30,21.5,22.5,○,21600,"宿泊1部(平日) + 休憩(サービスタイム2部)",21600,"宿泊1部 + 休憩(サービスタイム2部)"
21:30,21.5,23,○,23000,"前延長1本 + 宿泊2部(平日) + 休憩(サービスタイム3部)",23000,"前延長1本 + 宿泊2部 + 休憩(サービスタイム3部)"
21:30,21.5,23.5,○,23000,"前延長1本 + 宿泊2部(平日) + 休憩(サービスタイム3部)",23000,"前延長1本 + 宿泊2部 + 休憩(サービスタイム3部)"
21:30,21.5,24,○,23000,"前延長1本 + 宿泊2部(平日) + 休憩(サービスタイム3部)",23000,"前延長1本 + 宿泊2部 + 休憩(サービスタイム3部)"
22:00,22,0.5,○,6000,"ショート",6000,"ショート"
22:00,22,1,○,6000,"ショート",6000,"ショート"
22:00,22,1.5,○,6000,"ショート",6000,"ショート"
22:00,22,2,○,7400,"ショート + 延長1本",7400,"ショート + 延長1本"
22:00,22,2.5,○,7800,"休憩(5時間)",7800,"休憩(M時間)"
22:00,22,3,○,7800,"休憩(5時間)",7800,"休憩(M時間)"
22:00,22,3.5,○,7800,"休憩(5時間)",7800,"休憩(M時間)"
22:00,22,4,○,7800,"休憩(5時間)",7800,"休憩(M時間)"
22:00,22,4.5,×,13800,"宿泊2部(平日)",9200,"休憩(M時間) + 延長1本"
22:00,22,5,×,13800,"宿泊2部(平日)",10600,"休憩(M時間) + 延長2本"
22:00,22,5.5,×,13800,"宿泊2部(平日)",12000,"休憩(M時間) + 延長3本"
22:00,22,6,×,13800,"宿泊2部(平日)",13400,"休憩(M時間) + 延長4本"
22:00,22,6.5,○,13800,"宿泊2部(平日)",13800,"宿泊1部"
22:00,22,7,○,13800,"宿泊2部(平日)",13800,"宿泊1部"
22:00,22,7.5,○,13800,"宿泊2部(平日)",13800,"宿泊1部"
22:00,22,8,○,13800,"宿泊2部(平日)",13800,"宿泊1部"
22:00,22,8.5,○,13800,"宿泊2部(平日)",13800,"宿泊1部"
22:00,22,9,○,13800,"宿泊2部(平日)",13800,"宿泊1部"
22:00,22,9.5,○,13800,"宿泊2部(平日)",13800,"宿泊1部"
22:00,22,10,○,13800,"宿泊2部(平日)",13800,"宿泊1部"
22:00,22,10.5,○,13800,"宿泊2部(平日)",13800,"宿泊1部"
22:00,22,11,○,13800,"宿泊2部(平日)",13800,"宿泊1部"
22:00,22,11.5,○,13800,"宿泊2部(平日)",13800,"宿泊1部"
22:00,22,12,○,13800,"宿泊2部(平日)",13800,"宿泊1部"
22:00,22,12.5,○,13800,"宿泊2部(平日)",13800,"宿泊1部"
22:00,22,13,○,13800,"宿泊2部(平日)",13800,"宿泊1部"
22:00,22,13.5,○,13800,"宿泊2部(平日)",13800,"宿泊1部"
22:00,22,14,○,13800,"宿泊2部(平日)",13800,"宿泊1部"
22:00,22,14.5,○,13800,"宿泊2部(平日)",13800,"宿泊2部"
22:00,22,15,○,13800,"宿泊2部(平日)",13800,"宿泊2部"
22:00,22,15.5,○,13800,"宿泊2部(平日)",13800,"宿泊2部"
22:00,22,16,○,13800,"宿泊2部(平日)",13800,"宿泊2部"
22:00,22,16.5,○,15200,"宿泊2部(平日) + 延長1本",15200,"宿泊2部 + 延長1本"
22:00,22,17,○,16600,"宿泊2部(平日) + 延長2本",16600,"宿泊2部 + 延長2本"
22:00,22,17.5,○,18000,"宿泊2部(平日) + 延長3本",18000,"宿泊2部 + 延長3本"
22:00,22,18,○,19400,"宿泊2部(平日) + 延長4本",19400,"宿泊2部 + 延長4本"
22:00,22,18.5,○,20800,"宿泊2部(平日) + 延長5本",20800,"宿泊2部 + 延長5本"
22:00,22,19,○,21600,"宿泊2部(平日) + 休憩(サービスタイム3部)",21600,"宿泊1部 + 休憩(M時間)"
22:00,22,19.5,○,21600,"宿泊2部(平日) + 休憩(サービスタイム3部)",21600,"宿泊1部 + 休憩(サービスタイム1部)"
22:00,22,20,○,21600,"宿泊2部(平日) + 休憩(サービスタイム3部)",21600,"宿泊1部 + 休憩(サービスタイム1部)"
22:00,22,20.5,○,21600,"宿泊2部(平日) + 休憩(サービスタイム3部)",21600,"宿泊1部 + 休憩(サービスタイム2部)"
22:00,22,21,○,21600,"宿泊2部(平日) + 休憩(サービスタイム3部)",21600,"宿泊1部 + 休憩(サービスタイム2部)"
22:00,22,21.5,○,21600,"宿泊2部(平日) + 休憩(サービスタイム3部)",21600,"宿泊1部 + 休憩(サービスタイム2部)"
22:00,22,22,○,21600,"宿泊2部(平日) + 休憩(サービスタイム3部)",21600,"宿泊1部 + 休憩(サービスタイム2部)"
22:00,22,22.5,○,21600,"宿泊2部(平日) + 休憩(サービスタイム3部)",21600,"宿泊2部 + 休憩(サービスタイム3部)"
22:00,22,23,○,21600,"宿泊2部(平日) + 休憩(サービスタイム3部)",21600,"宿泊2部 + 休憩(サービスタイム3部)"
22:00,22,23.5,○,21600,"宿泊2部(平日) + 休憩(サービスタイム3部)",21600,"宿泊2部 + 休憩(サービスタイム3部)"
22:00,22,24,○,21600,"宿泊2部(平日) + 休憩(サービスタイム3部)",21600,"宿泊2部 + 休憩(サービスタイム3部)"
22:30,22.5,0.5,○,6000,"ショート",6000,"ショート"
22:30,22.5,1,○,6000,"ショート",6000,"ショート"
22:30,22.5,1.5,○,6000,"ショート",6000,"ショート"
22:30,22.5,2,○,7400,"ショート + 延長1本",7400,"ショート + 延長1本"
22:30,22.5,2.5,○,7800,"休憩(5時間)",7800,"休憩(M時間)"
22:30,22.5,3,○,7800,"休憩(5時間)",7800,"休憩(M時間)"
22:30,22.5,3.5,○,7800,"休憩(5時間)",7800,"休憩(M時間)"
22:30,22.5,4,×,13800,"宿泊2部(平日)",9200,"休憩(M時間) + 延長1本"
22:30,22.5,4.5,×,13800,"宿泊2部(平日)",10600,"休憩(M時間) + 延長2本"
22:30,22.5,5,×,13800,"宿泊2部(平日)",12000,"休憩(M時間) + 延長3本"
22:30,22.5,5.5,×,13800,"宿泊2部(平日)",13400,"休憩(M時間) + 延長4本"
22:30,22.5,6,○,13800,"宿泊2部(平日)",13800,"宿泊1部"
22:30,22.5,6.5,○,13800,"宿泊2部(平日)",13800,"宿泊1部"
22:30,22.5,7,○,13800,"宿泊2部(平日)",13800,"宿泊1部"
22:30,22.5,7.5,○,13800,"宿泊2部(平日)",13800,"宿泊1部"
22:30,22.5,8,○,13800,"宿泊2部(平日)",13800,"宿泊1部"
22:30,22.5,8.5,○,13800,"宿泊2部(平日)",13800,"宿泊1部"
22:30,22.5,9,○,13800,"宿泊2部(平日)",13800,"宿泊1部"
22:30,22.5,9.5,○,13800,"宿泊2部(平日)",13800,"宿泊1部"
22:30,22.5,10,○,13800,"宿泊2部(平日)",13800,"宿泊1部"
22:30,22.5,10.5,○,13800,"宿泊2部(平日)",13800,"宿泊1部"
22:30,22.5,11,○,13800,"宿泊2部(平日)",13800,"宿泊1部"
22:30,22.5,11.5,○,13800,"宿泊2部(平日)",13800,"宿泊1部"
22:30,22.5,12,○,13800,"宿泊2部(平日)",13800,"宿泊1部"
22:30,22.5,12.5,○,13800,"宿泊2部(平日)",13800,"宿泊1部"
22:30,22.5,13,○,13800,"宿泊2部(平日)",13800,"宿泊1部"
22:30,22.5,13.5,○,13800,"宿泊2部(平日)",13800,"宿泊1部"
22:30,22.5,14,○,13800,"宿泊2部(平日)",13800,"宿泊2部"
22:30,22.5,14.5,○,13800,"宿泊2部(平日)",13800,"宿泊2部"
22:30,22.5,15,○,13800,"宿泊2部(平日)",13800,"宿泊2部"
22:30,22.5,15.5,○,13800,"宿泊2部(平日)",13800,"宿泊2部"
22:30,22.5,16,○,15200,"宿泊2部(平日) + 延長1本",15200,"宿泊2部 + 延長1本"
22:30,22.5,16.5,○,16600,"宿泊2部(平日) + 延長2本",16600,"宿泊2部 + 延長2本"
22:30,22.5,17,○,18000,"宿泊2部(平日) + 延長3本",18000,"宿泊2部 + 延長3本"
22:30,22.5,17.5,○,19400,"宿泊2部(平日) + 延長4本",19400,"宿泊2部 + 延長4本"
22:30,22.5,18,○,20800,"宿泊2部(平日) + 延長5本",20800,"宿泊2部 + 延長5本"
22:30,22.5,18.5,○,21600,"宿泊2部(平日) + 休憩(サービスタイム3部)",21600,"宿泊1部 + 休憩(M時間)"
22:30,22.5,19,○,21600,"宿泊2部(平日) + 休憩(サービスタイム3部)",21600,"宿泊1部 + 休憩(サービスタイム1部)"
22:30,22.5,19.5,○,21600,"宿泊2部(平日) + 休憩(サービスタイム3部)",21600,"宿泊1部 + 休憩(サービスタイム1部)"
22:30,22.5,20,○,21600,"宿泊2部(平日) + 休憩(サービスタイム3部)",21600,"宿泊1部 + 休憩(サービスタイム2部)"
22:30,22.5,20.5,○,21600,"宿泊2部(平日) + 休憩(サービスタイム3部)",21600,"宿泊1部 + 休憩(サービスタイム2部)"
22:30,22.5,21,○,21600,"宿泊2部(平日) + 休憩(サービスタイム3部)",21600,"宿泊1部 + 休憩(サービスタイム2部)"
22:30,22.5,21.5,○,21600,"宿泊2部(平日) + 休憩(サービスタイム3部)",21600,"宿泊1部 + 休憩(サービスタイム2部)"
22:30,22.5,22,○,21600,"宿泊2部(平日) + 休憩(サービスタイム3部)",21600,"宿泊2部 + 休憩(サービスタイム3部)"
22:30,22.5,22.5,○,21600,"宿泊2部(平日) + 休憩(サービスタイム3部)",21600,"宿泊2部 + 休憩(サービスタイム3部)"
22:30,22.5,23,○,21600,"宿泊2部(平日) + 休憩(サービスタイム3部)",21600,"宿泊2部 + 休憩(サービスタイム3部)"
22:30,22.5,23.5,○,21600,"宿泊2部(平日) + 休憩(サービスタイム3部)",21600,"宿泊2部 + 休憩(サービスタイム3部)"
22:30,22.5,24,○,21600,"宿泊2部(平日) + 休憩(サービスタイム3部)",21600,"宿泊2部 + 休憩(サービスタイム3部)"
23:00,23,0.5,○,6000,"ショート",6000,"ショート"
23:00,23,1,○,6000,"ショート",6000,"ショート"
23:00,23,1.5,○,6000,"ショート",6000,"ショート"
23:00,23,2,○,7400,"ショート + 延長1本",7400,"ショート + 延長1本"
23:00,23,2.5,○,7800,"休憩(5時間)",7800,"休憩(M時間)"
23:00,23,3,○,7800,"休憩(5時間)",7800,"休憩(M時間)"
23:00,23,3.5,×,13800,"宿泊2部(平日)",9200,"休憩(M時間) + 延長1本"
23:00,23,4,×,13800,"宿泊2部(平日)",10600,"休憩(M時間) + 延長2本"
23:00,23,4.5,×,13800,"宿泊2部(平日)",12000,"休憩(M時間) + 延長3本"
23:00,23,5,×,13800,"宿泊2部(平日)",13400,"休憩(M時間) + 延長4本"
23:00,23,5.5,○,13800,"宿泊2部(平日)",13800,"宿泊1部"
23:00,23,6,○,13800,"宿泊2部(平日)",13800,"宿泊1部"
23:00,23,6.5,○,13800,"宿泊2部(平日)",13800,"宿泊1部"
23:00,23,7,○,13800,"宿泊2部(平日)",13800,"宿泊1部"
23:00,23,7.5,○,13800,"宿泊2部(平日)",13800,"宿泊1部"
23:00,23,8,○,13800,"宿泊2部(平日)",13800,"宿泊1部"
23:00,23,8.5,○,13800,"宿泊2部(平日)",13800,"宿泊1部"
23:00,23,9,○,13800,"宿泊2部(平日)",13800,"宿泊1部"
23:00,23,9.5,○,13800,"宿泊2部(平日)",13800,"宿泊1部"
23:00,23,10,○,13800,"宿泊2部(平日)",13800,"宿泊1部"
23:00,23,10.5,○,13800,"宿泊2部(平日)",13800,"宿泊1部"
23:00,23,11,○,13800,"宿泊2部(平日)",13800,"宿泊1部"
23:00,23,11.5,○,13800,"宿泊2部(平日)",13800,"宿泊1部"
23:00,23,12,○,13800,"宿泊2部(平日)",13800,"宿泊1部"
23:00,23,12.5,○,13800,"宿泊2部(平日)",13800,"宿泊1部"
23:00,23,13,○,13800,"宿泊2部(平日)",13800,"宿泊1部"
23:00,23,13.5,○,13800,"宿泊2部(平日)",13800,"宿泊2部"
23:00,23,14,○,13800,"宿泊2部(平日)",13800,"宿泊2部"
23:00,23,14.5,○,13800,"宿泊2部(平日)",13800,"宿泊2部"
23:00,23,15,○,13800,"宿泊2部(平日)",13800,"宿泊2部"
23:00,23,15.5,○,15200,"宿泊2部(平日) + 延長1本",15200,"宿泊2部 + 延長1本"
23:00,23,16,○,16600,"宿泊2部(平日) + 延長2本",16600,"宿泊2部 + 延長2本"
23:00,23,16.5,○,18000,"宿泊2部(平日) + 延長3本",18000,"宿泊2部 + 延長3本"
23:00,23,17,○,19400,"宿泊2部(平日) + 延長4本",19400,"宿泊2部 + 延長4本"
23:00,23,17.5,○,20800,"宿泊2部(平日) + 延長5本",20800,"宿泊2部 + 延長5本"
23:00,23,18,○,21600,"宿泊2部(平日) + 休憩(サービスタイム3部)",21600,"宿泊1部 + 休憩(M時間)"
23:00,23,18.5,○,21600,"宿泊2部(平日) + 休憩(サービスタイム3部)",21600,"宿泊1部 + 休憩(サービスタイム1部)"
23:00,23,19,○,21600,"宿泊2部(平日) + 休憩(サービスタイム3部)",21600,"宿泊1部 + 休憩(サービスタイム1部)"
23:00,23,19.5,○,21600,"宿泊2部(平日) + 休憩(サービスタイム3部)",21600,"宿泊1部 + 休憩(サービスタイム2部)"
23:00,23,20,○,21600,"宿泊2部(平日) + 休憩(サービスタイム3部)",21600,"宿泊1部 + 休憩(サービスタイム2部)"
23:00,23,20.5,○,21600,"宿泊2部(平日) + 休憩(サービスタイム3部)",21600,"宿泊1部 + 休憩(サービスタイム2部)"
23:00,23,21,○,21600,"宿泊2部(平日) + 休憩(サービスタイム3部)",21600,"宿泊1部 + 休憩(サービスタイム2部)"
23:00,23,21.5,○,21600,"宿泊2部(平日) + 休憩(サービスタイム3部)",21600,"宿泊2部 + 休憩(サービスタイム3部)"
23:00,23,22,○,21600,"宿泊2部(平日) + 休憩(サービスタイム3部)",21600,"宿泊2部 + 休憩(サービスタイム3部)"
23:00,23,22.5,○,21600,"宿泊2部(平日) + 休憩(サービスタイム3部)",21600,"宿泊2部 + 休憩(サービスタイム3部)"
23:00,23,23,○,21600,"宿泊2部(平日) + 休憩(サービスタイム3部)",21600,"宿泊2部 + 休憩(サービスタイム3部)"
23:00,23,23.5,○,21600,"宿泊2部(平日) + 休憩(サービスタイム3部)",21600,"宿泊2部 + 休憩(サービスタイム3部)"
23:00,23,24,○,21600,"宿泊2部(平日) + 休憩(サービスタイム3部)",21600,"宿泊2部 + 休憩(サービスタイム3部)"
23:30,23.5,0.5,○,6000,"ショート",6000,"ショート"
23:30,23.5,1,○,6000,"ショート",6000,"ショート"
23:30,23.5,1.5,○,6000,"ショート",6000,"ショート"
23:30,23.5,2,○,7400,"ショート + 延長1本",7400,"ショート + 延長1本"
23:30,23.5,2.5,○,7800,"休憩(5時間)",7800,"休憩(M時間)"
23:30,23.5,3,○,8800,"深夜休憩",8800,"深夜休憩"
23:30,23.5,3.5,×,13800,"宿泊2部(平日)",10600,"休憩(M時間) + 延長2本"
23:30,23.5,4,×,13800,"宿泊2部(平日)",12000,"休憩(M時間) + 延長3本"
23:30,23.5,4.5,×,13800,"宿泊2部(平日)",13400,"休憩(M時間) + 延長4本"
23:30,23.5,5,○,13800,"宿泊2部(平日)",13800,"宿泊1部"
23:30,23.5,5.5,○,13800,"宿泊2部(平日)",13800,"宿泊1部"
23:30,23.5,6,○,13800,"宿泊2部(平日)",13800,"宿泊1部"
23:30,23.5,6.5,○,13800,"宿泊2部(平日)",13800,"宿泊1部"
23:30,23.5,7,○,13800,"宿泊2部(平日)",13800,"宿泊1部"
23:30,23.5,7.5,○,13800,"宿泊2部(平日)",13800,"宿泊1部"
23:30,23.5,8,○,13800,"宿泊2部(平日)",13800,"宿泊1部"
23:30,23.5,8.5,○,13800,"宿泊2部(平日)",13800,"宿泊1部"
23:30,23.5,9,○,13800,"宿泊2部(平日)",13800,"宿泊1部"
23:30,23.5,9.5,○,13800,"宿泊2部(平日)",13800,"宿泊1部"
23:30,23.5,10,○,13800,"宿泊2部(平日)",13800,"宿泊1部"
23:30,23.5,10.5,○,13800,"宿泊2部(平日)",13800,"宿泊1部"
23:30,23.5,11,○,13800,"宿泊2部(平日)",13800,"宿泊1部"
23:30,23.5,11.5,○,13800,"宿泊2部(平日)",13800,"宿泊1部"
23:30,23.5,12,○,13800,"宿泊2部(平日)",13800,"宿泊1部"
23:30,23.5,12.5,○,13800,"宿泊2部(平日)",13800,"宿泊1部"
23:30,23.5,13,○,13800,"宿泊2部(平日)",13800,"宿泊2部"
23:30,23.5,13.5,○,13800,"宿泊2部(平日)",13800,"宿泊2部"
23:30,23.5,14,○,13800,"宿泊2部(平日)",13800,"宿泊2部"
23:30,23.5,14.5,○,13800,"宿泊2部(平日)",13800,"宿泊2部"
23:30,23.5,15,○,15200,"宿泊2部(平日) + 延長1本",15200,"宿泊2部 + 延長1本"
23:30,23.5,15.5,○,16600,"宿泊2部(平日) + 延長2本",16600,"宿泊2部 + 延長2本"
23:30,23.5,16,○,18000,"宿泊2部(平日) + 延長3本",18000,"宿泊2部 + 延長3本"
23:30,23.5,16.5,○,19400,"宿泊2部(平日) + 延長4本",19400,"宿泊2部 + 延長4本"
23:30,23.5,17,○,20800,"宿泊2部(平日) + 延長5本",20800,"宿泊2部 + 延長5本"
23:30,23.5,17.5,○,21600,"宿泊2部(平日) + 休憩(サービスタイム3部)",21600,"宿泊1部 + 休憩(M時間)"
23:30,23.5,18,○,21600,"宿泊2部(平日) + 休憩(サービスタイム3部)",21600,"宿泊1部 + 休憩(サービスタイム1部)"
23:30,23.5,18.5,○,21600,"宿泊2部(平日) + 休憩(サービスタイム3部)",21600,"宿泊1部 + 休憩(サービスタイム1部)"
23:30,23.5,19,○,21600,"宿泊2部(平日) + 休憩(サービスタイム3部)",21600,"宿泊1部 + 休憩(サービスタイム2部)"
23:30,23.5,19.5,○,21600,"宿泊2部(平日) + 休憩(サービスタイム3部)",21600,"宿泊1部 + 休憩(サービスタイム2部)"
23:30,23.5,20,○,21600,"宿泊2部(平日) + 休憩(サービスタイム3部)",21600,"宿泊1部 + 休憩(サービスタイム2部)"
23:30,23.5,20.5,○,21600,"宿泊2部(平日) + 休憩(サービスタイム3部)",21600,"宿泊1部 + 休憩(サービスタイム2部)"
23:30,23.5,21,○,21600,"宿泊2部(平日) + 休憩(サービスタイム3部)",21600,"宿泊2部 + 休憩(サービスタイム3部)"
23:30,23.5,21.5,○,21600,"宿泊2部(平日) + 休憩(サービスタイム3部)",21600,"宿泊2部 + 休憩(サービスタイム3部)"
23:30,23.5,22,○,21600,"宿泊2部(平日) + 休憩(サービスタイム3部)",21600,"宿泊2部 + 休憩(サービスタイム3部)"
23:30,23.5,22.5,○,21600,"宿泊2部(平日) + 休憩(サービスタイム3部)",21600,"宿泊2部 + 休憩(サービスタイム3部)"
23:30,23.5,23,○,21600,"宿泊2部(平日) + 休憩(サービスタイム3部)",21600,"宿泊2部 + 休憩(サービスタイム3部)"
23:30,23.5,23.5,○,21600,"宿泊2部(平日) + 休憩(サービスタイム3部)",21600,"宿泊2部 + 休憩(サービスタイム3部)"
23:30,23.5,24,○,23000,"宿泊2部(平日) + 休憩(サービスタイム3部) + 延長1本",23000,"宿泊2部 + 休憩(サービスタイム3部) + 延長1本"